movie_local,target_local,score,label
2852,2,2.8286309242248535,1
2852,1,2.7399449348449707,0
2852,0,2.401986837387085,0
1674,2,3.5168466567993164,1
1674,0,3.1962223052978516,0
1674,1,3.0739879608154297,0
2613,2,2.766470193862915,1
2613,0,2.4420924186706543,0
2613,1,2.8555777072906494,0
2715,0,3.227966785430908,1
2715,2,3.66544246673584,0
2715,1,3.506915330886841,0
2019,2,3.136235237121582,1
2019,0,2.576491355895996,0
2019,1,3.075498580932617,0
141,0,2.994837760925293,1
141,2,3.385596513748169,0
141,1,3.2551324367523193,0
1550,0,2.642129898071289,1
1550,1,2.899927854537964,0
1550,2,3.3027079105377197,0
621,1,3.075324296951294,1
621,0,3.022545099258423,0
621,2,3.406768798828125,0
1076,1,3.251944065093994,1
1076,2,3.7147159576416016,0
1076,0,3.2361018657684326,0
2045,1,3.3319859504699707,1
2045,2,3.3774232864379883,0
2045,0,2.765559196472168,0
2494,1,3.0426747798919678,1
2494,2,3.16973876953125,0
2494,0,2.970980644226074,0
1056,0,2.7450146675109863,1
1056,2,3.058089256286621,0
1056,1,2.9604711532592773,0
2615,1,3.25872540473938,1
2615,0,2.81502103805542,0
2615,2,3.204507827758789,0
3297,1,2.8373353481292725,1
3297,0,2.766463279724121,0
3297,2,2.9584038257598877,0
369,1,2.89992094039917,1
369,0,2.497007369995117,0
369,2,2.8272926807403564,0
443,2,3.0692074298858643,1
443,0,2.620443820953369,0
443,1,2.915637969970703,0
1637,0,2.465310573577881,1
1637,1,3.1395983695983887,0
1637,2,2.9219422340393066,0
3840,2,3.393545627593994,1
3840,1,3.1871962547302246,0
3840,0,2.763320207595825,0
2720,1,3.160633087158203,1
2720,0,2.886296272277832,0
2720,2,3.1190643310546875,0
2776,2,3.350764036178589,1
2776,0,2.9020166397094727,0
2776,1,2.9804863929748535,0
145,0,3.0861856937408447,1
145,2,3.345559597015381,0
145,1,3.3868870735168457,0
999,2,3.200448751449585,1
999,0,2.818683624267578,0
999,1,3.18265700340271,0
1975,2,3.4840145111083984,1
1975,1,3.3106002807617188,0
1975,0,2.9668636322021484,0
30,0,2.877183675765991,1
30,2,3.2557764053344727,0
30,1,3.2089693546295166,0
144,0,3.0830137729644775,1
144,1,3.256692886352539,0
144,2,3.3826904296875,0
3119,1,3.2778854370117188,1
3119,0,3.175079345703125,0
3119,2,3.5544052124023438,0
3975,1,3.0419795513153076,1
3975,2,3.016414165496826,0
3975,0,2.7275338172912598,0
2340,2,3.4986183643341064,1
2340,0,2.866161346435547,0
2340,1,2.8806684017181396,0
1919,1,3.0087971687316895,1
1919,0,2.712782382965088,0
1919,2,3.2314376831054688,0
2412,0,3.262570381164551,1
2412,1,3.5233442783355713,0
2412,2,3.658418655395508,0
2100,1,3.1185998916625977,1
2100,0,2.9623773097991943,0
2100,2,3.6365575790405273,0
3571,2,3.082887649536133,1
3571,0,2.847073554992676,0
3571,1,3.2615067958831787,0
933,0,2.9105377197265625,1
933,1,3.1756255626678467,0
933,2,3.611171245574951,0
3475,2,3.5886757373809814,1
3475,1,3.2204155921936035,0
3475,0,3.011101245880127,0
888,2,3.018601417541504,1
888,1,2.7669990062713623,0
888,0,2.736581563949585,0
2916,0,2.675997257232666,1
2916,2,3.1001839637756348,0
2916,1,2.9331588745117188,0
3855,1,3.153690814971924,1
3855,0,2.6194989681243896,0
3855,2,2.9515633583068848,0
1051,2,3.1575093269348145,1
1051,1,2.9083657264709473,0
1051,0,2.8911631107330322,0
295,0,2.947934627532959,1
295,2,3.569035053253174,0
295,1,3.4656848907470703,0
3702,2,3.502533197402954,1
3702,1,3.060622453689575,0
3702,0,2.9606540203094482,0
3074,1,3.2172749042510986,1
3074,0,2.9212913513183594,0
3074,2,3.027038097381592,0
4007,2,3.4720864295959473,1
4007,1,3.3069069385528564,0
4007,0,2.863368034362793,0
606,0,2.7098259925842285,1
606,1,3.166160821914673,0
606,2,3.032961845397949,0
1932,1,2.8957252502441406,1
1932,2,2.7573626041412354,0
1932,0,2.362407684326172,0
3205,2,3.23575496673584,1
3205,0,2.747405529022217,0
3205,1,3.0932555198669434,0
16,0,3.1091039180755615,1
16,2,3.3972954750061035,0
16,1,3.2396769523620605,0
54,0,2.7071776390075684,1
54,1,2.8548660278320312,0
54,2,2.9077248573303223,0
3969,2,3.208204746246338,1
3969,0,2.858773946762085,0
3969,1,2.915086507797241,0
3224,1,2.8065528869628906,1
3224,2,3.2351303100585938,0
3224,0,2.6581244468688965,0
1567,1,3.149428129196167,1
1567,0,3.0833523273468018,0
1567,2,3.5614256858825684,0
3919,1,2.955430507659912,1
3919,0,2.693258762359619,0
3919,2,2.8755738735198975,0
178,0,3.198867082595825,1
178,2,3.574294090270996,0
178,1,3.5187129974365234,0
420,0,2.9429972171783447,1
420,1,3.1738619804382324,0
420,2,3.1318628787994385,0
1736,1,3.1522421836853027,1
1736,0,2.812988042831421,0
1736,2,3.281226396560669,0
2446,0,2.8295440673828125,1
2446,1,2.9609360694885254,0
2446,2,3.4074535369873047,0
3179,2,3.217606544494629,1
3179,1,2.86853289604187,0
3179,0,2.884476900100708,0
1368,1,3.031094789505005,1
1368,0,2.708974838256836,0
1368,2,3.084667682647705,0
1327,2,3.075464963912964,1
1327,0,2.552422523498535,0
1327,1,2.7540202140808105,0
1882,1,2.9499807357788086,1
1882,0,2.4198784828186035,0
1882,2,3.0255320072174072,0
3306,2,3.2744150161743164,1
3306,0,2.8722591400146484,0
3306,1,3.0951473712921143,0
2841,0,2.7186169624328613,1
2841,1,2.921222686767578,0
2841,2,3.3791255950927734,0
508,1,2.7160823345184326,1
508,2,2.9505536556243896,0
508,0,2.544494390487671,0
3612,2,3.4071261882781982,1
3612,0,2.949038028717041,0
3612,1,3.303028106689453,0
962,1,2.7964987754821777,1
962,2,2.9897124767303467,0
962,0,2.4643750190734863,0
3637,2,3.1144986152648926,1
3637,0,2.9095041751861572,0
3637,1,2.899158000946045,0
3432,1,3.107377767562866,1
3432,0,2.8629238605499268,0
3432,2,3.300271987915039,0
3021,1,2.934937000274658,1
3021,2,3.020784616470337,0
3021,0,2.7992796897888184,0
2524,1,2.8900938034057617,1
2524,0,2.363341808319092,0
2524,2,2.6032309532165527,0
4025,2,2.946057081222534,1
4025,0,2.5294787883758545,0
4025,1,3.1317949295043945,0
3326,2,3.0411343574523926,1
3326,0,2.648409843444824,0
3326,1,3.0662922859191895,0
155,1,2.8868064880371094,1
155,2,2.8811607360839844,0
155,0,2.5134494304656982,0
578,1,2.8370256423950195,1
578,2,2.9858450889587402,0
578,0,2.5598576068878174,0
1315,1,2.969879627227783,1
1315,0,2.93381667137146,0
1315,2,3.2825629711151123,0
4178,2,3.0785250663757324,1
4178,1,3.1445724964141846,0
4178,0,2.654224157333374,0
2341,1,3.294410228729248,1
2341,2,4.148980617523193,0
2341,0,3.5234436988830566,0
3788,2,3.2223901748657227,1
3788,1,3.0258233547210693,0
3788,0,2.9161510467529297,0
1964,2,3.2114877700805664,1
1964,1,2.93794846534729,0
1964,0,2.8632547855377197,0
3664,1,3.0558953285217285,1
3664,0,2.7630491256713867,0
3664,2,3.1111080646514893,0
910,2,3.169677972793579,1
910,1,3.0744504928588867,0
910,0,2.7258148193359375,0
121,0,3.152937650680542,1
121,1,3.3449482917785645,0
121,2,3.411691665649414,0
3377,1,2.9852776527404785,1
3377,0,2.580172061920166,0
3377,2,2.955296277999878,0
3120,0,2.831131935119629,1
3120,1,3.1869688034057617,0
3120,2,3.0159571170806885,0
895,0,2.711695671081543,1
895,1,3.157309055328369,0
895,2,3.428957939147949,0
2104,0,3.0596251487731934,1
2104,2,3.226832866668701,0
2104,1,3.073019504547119,0
3321,2,3.433995246887207,1
3321,0,2.985347032546997,0
3321,1,3.168666124343872,0
2315,2,3.308041572570801,1
2315,1,2.9389452934265137,0
2315,0,2.7930822372436523,0
1055,0,2.8448634147644043,1
1055,2,3.2570607662200928,0
1055,1,2.810926675796509,0
709,2,3.3446929454803467,1
709,1,3.0910301208496094,0
709,0,3.034966468811035,0
504,2,3.719034194946289,1
504,0,3.1192264556884766,0
504,1,3.187747001647949,0
3111,2,2.876081943511963,1
3111,0,2.374429941177368,0
3111,1,2.6631627082824707,0
3688,1,3.1318485736846924,1
3688,2,3.6326873302459717,0
3688,0,2.9953322410583496,0
3791,0,3.0801854133605957,1
3791,1,3.3279988765716553,0
3791,2,3.451094627380371,0
1889,2,3.196103572845459,1
1889,0,2.8416430950164795,0
1889,1,3.0411531925201416,0
3576,1,2.6954450607299805,1
3576,2,3.0234456062316895,0
3576,0,2.6043479442596436,0
1427,2,3.313015937805176,1
1427,1,3.1195192337036133,0
1427,0,2.985440731048584,0
1163,1,3.1202125549316406,1
1163,0,3.088796615600586,0
1163,2,3.3601601123809814,0
1846,2,3.0361406803131104,1
1846,0,2.801372528076172,0
1846,1,3.129497528076172,0
2743,1,2.841341972351074,1
2743,2,3.3165454864501953,0
2743,0,2.8841865062713623,0
4031,2,3.296931266784668,1
4031,0,2.938973903656006,0
4031,1,3.0524847507476807,0
873,1,2.7241501808166504,1
873,0,2.334686040878296,0
873,2,2.7789604663848877,0
2956,0,2.717315196990967,1
2956,1,2.89961576461792,0
2956,2,3.3905324935913086,0
1521,2,3.4646987915039062,1
1521,0,2.966743230819702,0
1521,1,3.3960587978363037,0
2925,2,3.5080013275146484,1
2925,1,3.0393989086151123,0
2925,0,2.947784423828125,0
2783,2,2.9688053131103516,1
2783,0,2.7101306915283203,0
2783,1,2.9274215698242188,0
3955,1,2.987225294113159,1
3955,2,3.1246182918548584,0
3955,0,2.7111337184906006,0
1234,0,2.677051544189453,1
1234,2,3.3278021812438965,0
1234,1,3.2279953956604004,0
112,1,2.7550649642944336,1
112,0,2.7546467781066895,0
112,2,3.182619094848633,0
3826,1,2.9945409297943115,1
3826,2,2.8267383575439453,0
3826,0,2.5769548416137695,0
4123,1,2.9445557594299316,1
4123,0,2.8405532836914062,0
4123,2,3.2405619621276855,0
208,0,2.834554433822632,1
208,2,3.143425703048706,0
208,1,2.806919574737549,0
3605,1,2.9675912857055664,1
3605,2,3.336177349090576,0
3605,0,2.8388960361480713,0
3667,1,2.964871406555176,1
3667,0,2.8791005611419678,0
3667,2,3.2729320526123047,0
2844,2,3.3402774333953857,1
2844,0,2.9203319549560547,0
2844,1,3.1143813133239746,0
2578,1,3.0010604858398438,1
2578,2,3.0471596717834473,0
2578,0,2.841926097869873,0
314,0,2.8014416694641113,1
314,1,3.140536308288574,0
314,2,3.2099204063415527,0
1750,0,2.9324848651885986,1
1750,2,3.512085437774658,0
1750,1,2.9457647800445557,0
3923,1,3.0241799354553223,1
3923,0,2.7688369750976562,0
3923,2,3.1051783561706543,0
3732,1,3.2355949878692627,1
3732,2,3.7015647888183594,0
3732,0,3.224459171295166,0
1414,0,3.079380989074707,1
1414,1,3.344757080078125,0
1414,2,3.5320138931274414,0
3130,2,3.0150649547576904,1
3130,1,3.07680344581604,0
3130,0,2.6929900646209717,0
3777,0,2.90250825881958,1
3777,1,3.1829798221588135,0
3777,2,3.278884172439575,0
3542,1,2.8989064693450928,1
3542,2,3.094207286834717,0
3542,0,2.6466076374053955,0
2004,2,3.1087143421173096,1
2004,0,2.5704078674316406,0
2004,1,3.034576654434204,0
2557,1,2.923752546310425,1
2557,0,2.7876412868499756,0
2557,2,3.2069015502929688,0
3768,2,3.501216173171997,1
3768,1,3.047333002090454,0
3768,0,2.676260471343994,0
3957,2,3.047208547592163,1
3957,0,2.702770233154297,0
3957,1,3.103362798690796,0
4113,1,3.012575149536133,1
4113,2,3.306704044342041,0
4113,0,2.8175480365753174,0
2122,1,2.982956886291504,1
2122,2,2.808288097381592,0
2122,0,2.396141767501831,0
3859,2,3.012458324432373,1
3859,0,2.7506661415100098,0
3859,1,3.0549755096435547,0
3743,0,2.9529948234558105,1
3743,1,3.148442506790161,0
3743,2,3.4000632762908936,0
200,0,2.5206148624420166,1
200,2,2.9486899375915527,0
200,1,2.9161479473114014,0
3110,2,3.3754069805145264,1
3110,1,3.02927827835083,0
3110,0,2.771533489227295,0
196,0,3.173379421234131,1
196,1,3.511958599090576,0
196,2,3.757457733154297,0
3171,2,3.3290531635284424,1
3171,0,2.8710811138153076,0
3171,1,3.1150660514831543,0
3874,2,3.320399761199951,1
3874,0,2.667085886001587,0
3874,1,2.8281211853027344,0
560,2,3.1197669506073,1
560,0,2.5866379737854004,0
560,1,3.0587825775146484,0
240,0,2.6697587966918945,1
240,2,3.1614863872528076,0
240,1,3.0219414234161377,0
4047,2,3.346236228942871,1
4047,0,2.854135274887085,0
4047,1,2.980520009994507,0
1423,1,3.1239380836486816,1
1423,0,2.8928215503692627,0
1423,2,3.4161930084228516,0
2276,0,2.741952657699585,1
2276,1,2.994424819946289,0
2276,2,3.176546335220337,0
928,0,3.1997504234313965,1
928,1,3.329864501953125,0
928,2,3.524888038635254,0
29,1,2.7883803844451904,1
29,0,2.5011744499206543,0
29,2,2.799532651901245,0
3936,2,2.90450382232666,1
3936,1,2.9985623359680176,0
3936,0,2.8023147583007812,0
556,1,3.074125289916992,1
556,0,2.870619297027588,0
556,2,3.3042421340942383,0
328,2,2.9201948642730713,1
328,1,3.1276278495788574,0
328,0,2.656951904296875,0
1156,0,3.02284574508667,1
1156,2,3.522308826446533,0
1156,1,3.138458251953125,0
4099,1,2.9863619804382324,1
4099,2,3.1491050720214844,0
4099,0,2.660034656524658,0
1821,2,3.322178840637207,1
1821,0,2.993729591369629,0
1821,1,3.211901903152466,0
436,1,3.5107204914093018,1
436,0,2.996720314025879,0
436,2,3.5327486991882324,0
964,0,3.0691111087799072,1
964,1,3.136789321899414,0
964,2,3.4515221118927,0
1727,2,3.311009645462036,1
1727,0,2.873600959777832,0
1727,1,3.180767059326172,0
948,2,3.3057186603546143,1
948,1,3.07734751701355,0
948,0,2.895503520965576,0
1081,2,3.4192464351654053,1
1081,0,2.9430160522460938,0
1081,1,3.062427520751953,0
1211,1,3.044891357421875,1
1211,0,2.781139850616455,0
1211,2,3.1188714504241943,0
2051,2,3.3620800971984863,1
2051,1,3.3445985317230225,0
2051,0,2.989406108856201,0
1207,2,3.302757978439331,1
1207,1,3.013284683227539,0
1207,0,2.8836989402770996,0
1683,1,3.088117837905884,1
1683,2,3.1905179023742676,0
1683,0,2.9901158809661865,0
3007,2,3.2862274646759033,1
3007,1,3.090994358062744,0
3007,0,2.9375760555267334,0
4023,1,2.9366354942321777,1
4023,0,2.629916191101074,0
4023,2,3.0177836418151855,0
2975,0,2.630603551864624,1
2975,2,3.1645054817199707,0
2975,1,2.8725361824035645,0
48,1,2.9818239212036133,1
48,2,3.1811704635620117,0
48,0,2.7601301670074463,0
3885,1,3.0835700035095215,1
3885,2,3.069019317626953,0
3885,0,2.5852842330932617,0
1944,1,2.948991060256958,1
1944,2,2.848433256149292,0
1944,0,2.564390182495117,0
1519,2,3.564547538757324,1
1519,0,3.125288724899292,0
1519,1,2.976674795150757,0
3000,1,2.943002939224243,1
3000,0,2.9661664962768555,0
3000,2,3.2703628540039062,0
3794,1,2.963169813156128,1
3794,0,2.4738993644714355,0
3794,2,2.8876895904541016,0
2262,1,2.9018068313598633,1
2262,0,2.6767632961273193,0
2262,2,3.2405338287353516,0
956,0,2.682889461517334,1
956,1,3.3349905014038086,0
956,2,3.0546255111694336,0
2036,2,3.5844173431396484,1
2036,0,3.2786636352539062,0
2036,1,3.478134870529175,0
586,1,3.040287733078003,1
586,0,2.9144580364227295,0
586,2,3.357999801635742,0
2904,1,2.951932668685913,1
2904,2,3.059396266937256,0
2904,0,2.723259687423706,0
3032,2,3.1130876541137695,1
3032,1,2.927509069442749,0
3032,0,2.705500841140747,0
3543,2,3.5731589794158936,1
3543,1,3.146411657333374,0
3543,0,3.1970252990722656,0
1909,2,3.367797374725342,1
1909,1,3.024559497833252,0
1909,0,3.014460563659668,0
3151,2,3.2006866931915283,1
3151,0,2.5835578441619873,0
3151,1,2.821038007736206,0
3990,1,3.127704620361328,1
3990,0,2.681020736694336,0
3990,2,2.933267831802368,0
1783,2,3.2241249084472656,1
1783,1,3.0702857971191406,0
1783,0,2.7971014976501465,0
666,1,2.9712328910827637,1
666,2,2.99936580657959,0
666,0,2.662446975708008,0
2728,2,3.243656873703003,1
2728,0,2.6987929344177246,0
2728,1,2.809256076812744,0
779,1,2.7793354988098145,1
779,2,3.075343132019043,0
779,0,2.4998960494995117,0
2323,2,3.350980520248413,1
2323,0,2.955454111099243,0
2323,1,3.1904959678649902,0
1845,1,3.1856069564819336,1
1845,2,3.6146225929260254,0
1845,0,3.3400254249572754,0
2944,1,2.854336738586426,1
2944,2,2.8442625999450684,0
2944,0,2.4744904041290283,0
1191,2,2.983393669128418,1
1191,1,2.87277889251709,0
1191,0,2.593984842300415,0
4041,2,3.1921026706695557,1
4041,1,3.1223390102386475,0
4041,0,2.813342571258545,0
1157,2,3.2803328037261963,1
1157,0,2.686711549758911,0
1157,1,2.925978183746338,0
1863,2,3.359034299850464,1
1863,0,3.084500312805176,0
1863,1,3.057788848876953,0
4147,1,3.104780912399292,1
4147,2,2.9635672569274902,0
4147,0,2.624612331390381,0
1068,0,2.8644309043884277,1
1068,2,3.3455042839050293,0
1068,1,3.2528586387634277,0
2027,1,3.1039581298828125,1
2027,0,2.763430595397949,0
2027,2,3.196075677871704,0
1622,2,2.6756234169006348,1
1622,0,2.3582687377929688,0
1622,1,3.054759979248047,0
3902,1,3.0297670364379883,1
3902,0,2.8246541023254395,0
3902,2,3.2855005264282227,0
3914,2,3.0134902000427246,1
3914,1,2.8862476348876953,0
3914,0,2.786541223526001,0
346,0,3.2047348022460938,1
346,1,3.213974952697754,0
346,2,3.783205986022949,0
2592,1,3.19148325920105,1
2592,2,3.415700912475586,0
2592,0,3.0779306888580322,0
1114,1,3.505758762359619,1
1114,0,3.3340401649475098,0
1114,2,3.4043760299682617,0
4163,2,3.5029282569885254,1
4163,0,3.1461243629455566,0
4163,1,3.1981639862060547,0
1741,1,3.317237377166748,1
1741,2,3.351851224899292,0
1741,0,3.2427573204040527,0
542,0,2.636712074279785,1
542,1,3.026782512664795,0
542,2,3.3032069206237793,0
973,1,2.554600238800049,1
973,2,2.8275928497314453,0
973,0,2.344222068786621,0
422,2,3.133028507232666,1
422,0,2.643765926361084,0
422,1,2.9766488075256348,0
1464,2,3.396803140640259,1
1464,0,2.984630823135376,0
1464,1,3.0081000328063965,0
1130,2,3.294426918029785,1
1130,1,3.096735954284668,0
1130,0,2.643373489379883,0
4174,0,2.7846171855926514,1
4174,2,3.302793025970459,0
4174,1,3.077181816101074,0
986,1,2.953788995742798,1
986,0,2.6267852783203125,0
986,2,3.1671462059020996,0
2158,1,3.3954601287841797,1
2158,0,2.7420172691345215,0
2158,2,3.164132833480835,0
3204,0,2.6057863235473633,1
3204,2,3.2138798236846924,0
3204,1,2.8964898586273193,0
677,0,2.980632781982422,1
677,1,3.2451601028442383,0
677,2,3.4479405879974365,0
3122,1,3.066624641418457,1
3122,0,2.8992629051208496,0
3122,2,3.3614606857299805,0
3672,2,3.4764294624328613,1
3672,1,3.023860454559326,0
3672,0,3.02441668510437,0
3890,1,3.080437660217285,1
3890,2,3.2223010063171387,0
3890,0,2.7270281314849854,0
1415,1,3.248677968978882,1
1415,0,2.7051801681518555,0
1415,2,2.952558994293213,0
268,2,3.4602890014648438,1
268,1,3.354173183441162,0
268,0,3.2359540462493896,0
2760,1,3.0690712928771973,1
2760,2,3.457916736602783,0
2760,0,2.908869743347168,0
2395,2,3.4343953132629395,1
2395,1,2.9465274810791016,0
2395,0,2.903193473815918,0
254,0,2.5987908840179443,1
254,2,3.0781993865966797,0
254,1,3.2818124294281006,0
641,0,2.995673656463623,1
641,1,3.205362319946289,0
641,2,3.4958581924438477,0
2116,1,3.09624981880188,1
2116,2,3.230978488922119,0
2116,0,2.7330331802368164,0
3649,1,2.7318179607391357,1
3649,2,3.0382702350616455,0
3649,0,2.688288450241089,0
547,0,3.2262260913848877,1
547,2,3.560642957687378,0
547,1,3.3013691902160645,0
282,2,3.334803819656372,1
282,0,3.060419797897339,0
282,1,3.254007339477539,0
3657,2,3.219163179397583,1
3657,0,2.940657615661621,0
3657,1,3.176466464996338,0
2802,0,2.7870850563049316,1
2802,1,3.0909035205841064,0
2802,2,3.231194257736206,0
2675,2,3.3642563819885254,1
2675,0,2.8960626125335693,0
2675,1,3.137432813644409,0
517,0,3.0252742767333984,1
517,1,3.1096653938293457,0
517,2,3.5583791732788086,0
3561,1,3.140235662460327,1
3561,2,3.490311622619629,0
3561,0,2.8269238471984863,0
2404,2,3.8467719554901123,1
2404,0,3.2190465927124023,0
2404,1,3.33807373046875,0
3873,1,3.116612195968628,1
3873,0,2.730571746826172,0
3873,2,3.2835426330566406,0
2687,2,3.159167528152466,1
2687,1,2.977670192718506,0
2687,0,2.695600986480713,0
1606,1,2.719034433364868,1
1606,2,3.1278998851776123,0
1606,0,2.6879186630249023,0
302,0,2.7139415740966797,1
302,2,3.241039276123047,0
302,1,2.942293167114258,0
1755,1,2.9367799758911133,1
1755,0,2.5298140048980713,0
1755,2,2.9553773403167725,0
2784,1,2.9828121662139893,1
2784,0,3.2285869121551514,0
2784,2,3.7475194931030273,0
127,0,2.7702460289001465,1
127,2,3.175149440765381,0
127,1,3.0682098865509033,0
1087,0,2.813835620880127,1
1087,1,2.984156370162964,0
1087,2,3.3604397773742676,0
34,1,3.1550323963165283,1
34,2,3.190338373184204,0
34,0,2.720752716064453,0
1043,0,2.8049511909484863,1
1043,1,3.1055915355682373,0
1043,2,3.099832057952881,0
1482,1,3.223078489303589,1
1482,2,3.3208088874816895,0
1482,0,2.9668121337890625,0
2680,2,3.5246853828430176,1
2680,1,3.32535719871521,0
2680,0,3.1845881938934326,0
1917,1,3.1673388481140137,1
1917,2,3.5846173763275146,0
1917,0,2.9378926753997803,0
1697,0,3.382905960083008,1
1697,2,3.857797145843506,0
1697,1,3.3046367168426514,0
1772,1,2.881009101867676,1
1772,0,2.581325054168701,0
1772,2,3.2074217796325684,0
3336,2,2.9243361949920654,1
3336,0,2.6170969009399414,0
3336,1,3.0657687187194824,0
503,1,2.746265172958374,1
503,0,2.5502452850341797,0
503,2,3.011364459991455,0
810,2,3.0748722553253174,1
810,1,2.859212636947632,0
810,0,2.6344454288482666,0
101,1,3.053683280944824,1
101,0,2.9500670433044434,0
101,2,3.4920971393585205,0
537,0,3.168165683746338,1
537,1,3.2432456016540527,0
537,2,3.6812663078308105,0
2138,1,3.094864845275879,1
2138,2,3.2843806743621826,0
2138,0,2.8088812828063965,0
3760,2,2.7914490699768066,1
3760,1,2.826996088027954,0
3760,0,2.5247693061828613,0
1779,1,3.1569714546203613,1
1779,2,3.3830904960632324,0
1779,0,3.0273594856262207,0
4139,2,3.1119396686553955,1
4139,0,2.7878341674804688,0
4139,1,3.1827774047851562,0
1607,0,2.6949992179870605,1
1607,2,3.18206787109375,0
1607,1,3.0833287239074707,0
3689,1,2.920098066329956,1
3689,2,3.0972506999969482,0
3689,0,2.859485149383545,0
2382,1,3.162541389465332,1
2382,0,2.9233367443084717,0
2382,2,3.579953193664551,0
623,2,3.4080348014831543,1
623,1,3.3663170337677,0
623,0,3.0849032402038574,0
2612,1,3.181976318359375,1
2612,0,3.036247730255127,0
2612,2,3.3717174530029297,0
3185,1,3.1477439403533936,1
3185,0,2.806671142578125,0
3185,2,3.2771289348602295,0
3123,0,2.705925941467285,1
3123,2,2.953367233276367,0
3123,1,3.0278539657592773,0
1202,0,2.873948574066162,1
1202,1,3.062415838241577,0
1202,2,3.287595748901367,0
710,1,3.15618634223938,1
710,0,2.704519748687744,0
710,2,3.1064882278442383,0
977,2,3.4444642066955566,1
977,0,2.9547481536865234,0
977,1,3.003718376159668,0
2895,2,3.1912622451782227,1
2895,1,3.0372278690338135,0
2895,0,2.766690254211426,0
2218,1,3.1185622215270996,1
2218,0,2.9872961044311523,0
2218,2,3.565582275390625,0
2734,0,3.206395149230957,1
2734,1,3.1269164085388184,0
2734,2,3.7569758892059326,0
1626,1,2.6976215839385986,1
1626,0,2.583266258239746,0
1626,2,3.024967670440674,0
616,0,2.857508659362793,1
616,1,3.134906053543091,0
616,2,3.065643310546875,0
4057,1,3.0889170169830322,1
4057,2,3.204017162322998,0
4057,0,2.7285351753234863,0
3776,1,2.841355323791504,1
3776,2,2.801636219024658,0
3776,0,2.5528182983398438,0
1803,0,3.024428129196167,1
1803,2,3.3478195667266846,0
1803,1,3.03828763961792,0
74,0,2.669579267501831,1
74,1,3.0269241333007812,0
74,2,3.0505075454711914,0
2399,2,3.5861568450927734,1
2399,0,2.9454755783081055,0
2399,1,3.1217918395996094,0
2403,2,3.141724109649658,1
2403,0,2.6571848392486572,0
2403,1,3.201690196990967,0
1520,1,3.268343925476074,1
1520,0,3.130159854888916,0
1520,2,3.552931547164917,0
1593,0,3.0160505771636963,1
1593,2,3.3271076679229736,0
1593,1,3.0993545055389404,0
3749,2,3.8129191398620605,1
3749,0,3.1972899436950684,0
3749,1,3.4780335426330566,0
1529,2,3.1474437713623047,1
1529,0,2.747013568878174,0
1529,1,3.0728745460510254,0
2233,2,2.9511842727661133,1
2233,0,2.6287145614624023,0
2233,1,2.9695727825164795,0
1595,0,2.7448017597198486,1
1595,1,3.1360924243927,0
1595,2,3.116178274154663,0
451,1,3.2089476585388184,1
451,0,3.086533784866333,0
451,2,3.5467185974121094,0
3435,1,3.1079297065734863,1
3435,2,2.9819719791412354,0
3435,0,2.546651601791382,0
1604,1,3.0085856914520264,1
1604,2,3.185685634613037,0
1604,0,2.7484021186828613,0
315,2,3.6348230838775635,1
315,1,3.4275155067443848,0
315,0,3.228403091430664,0
2115,0,2.93117618560791,1
2115,1,3.073460578918457,0
2115,2,3.473386287689209,0
790,0,2.9637036323547363,1
790,2,3.4622716903686523,0
790,1,2.987109422683716,0
2697,2,3.1682515144348145,1
2697,0,2.621293306350708,0
2697,1,2.837766408920288,0
2871,1,2.951772928237915,1
2871,0,2.7994589805603027,0
2871,2,3.2976861000061035,0
2334,1,3.030383348464966,1
2334,2,3.3418993949890137,0
2334,0,2.9939463138580322,0
2752,1,2.865525245666504,1
2752,0,2.4133596420288086,0
2752,2,2.899855613708496,0
1027,0,2.7838587760925293,1
1027,1,3.116081476211548,0
1027,2,3.138728618621826,0
224,1,2.9272384643554688,1
224,2,3.0694379806518555,0
224,0,2.6116654872894287,0
1429,0,2.689642906188965,1
1429,2,2.9276537895202637,0
1429,1,3.060349702835083,0
3759,1,2.9257304668426514,1
3759,2,3.18462872505188,0
3759,0,2.7866077423095703,0
2461,2,3.874741554260254,1
2461,0,3.2429628372192383,0
2461,1,3.2028214931488037,0
2798,2,3.274087905883789,1
2798,0,2.7792906761169434,0
2798,1,3.0583717823028564,0
3258,1,2.8704936504364014,1
3258,0,2.7193081378936768,0
3258,2,3.3604495525360107,0
4036,1,3.1528232097625732,1
4036,0,2.652108907699585,0
4036,2,2.714952230453491,0
543,0,2.4223110675811768,1
543,2,2.977787971496582,0
543,1,2.855081081390381,0
2012,0,2.6414263248443604,1
2012,2,2.9495770931243896,0
2012,1,3.0876851081848145,0
210,2,3.308253526687622,1
210,1,3.0156636238098145,0
210,0,2.8999626636505127,0
1680,2,3.8351845741271973,1
1680,1,3.5767598152160645,0
1680,0,3.307795286178589,0
3184,2,3.4648520946502686,1
3184,1,2.850508213043213,0
3184,0,2.7670040130615234,0
2430,2,3.0070390701293945,1
2430,0,2.355860710144043,0
2430,1,2.7486095428466797,0
1938,2,3.4498393535614014,1
1938,0,2.9176628589630127,0
1938,1,3.2214345932006836,0
365,1,2.793410301208496,1
365,0,2.405487537384033,0
365,2,2.6973135471343994,0
2801,0,2.940336227416992,1
2801,1,3.181903123855591,0
2801,2,3.437180995941162,0
3438,0,2.748505115509033,1
3438,1,2.9366533756256104,0
3438,2,3.187628746032715,0
3770,1,2.848142147064209,1
3770,0,2.397212266921997,0
3770,2,2.747060775756836,0
2711,1,3.1323843002319336,1
2711,0,2.7603230476379395,0
2711,2,3.1724071502685547,0
2602,2,3.379761219024658,1
2602,1,3.0684213638305664,0
2602,0,2.9233527183532715,0
931,2,3.4028072357177734,1
931,0,2.819375991821289,0
931,1,3.079315423965454,0
1597,2,3.3942553997039795,1
1597,1,3.172851800918579,0
1597,0,2.8573241233825684,0
2741,0,3.484565019607544,1
2741,1,3.2337887287139893,0
2741,2,4.017726898193359,0
2912,1,3.0118625164031982,1
2912,2,2.879188299179077,0
2912,0,2.569753408432007,0
2649,2,3.4197020530700684,1
2649,0,2.8890159130096436,0
2649,1,3.236112117767334,0
3065,2,2.9458436965942383,1
3065,1,2.8528525829315186,0
3065,0,2.5801987648010254,0
225,0,2.8275394439697266,1
225,2,3.4952268600463867,0
225,1,3.075251579284668,0
2554,0,2.457526445388794,1
2554,1,2.816840410232544,0
2554,2,2.978480815887451,0
2394,1,3.032219886779785,1
2394,0,2.8088974952697754,0
2394,2,3.219109058380127,0
1918,2,3.3433380126953125,1
1918,1,3.1677350997924805,0
1918,0,2.8216214179992676,0
2997,2,3.843689441680908,1
2997,1,3.566061019897461,0
2997,0,3.2839314937591553,0
1448,2,2.982572317123413,1
1448,0,2.4584975242614746,0
1448,1,2.673858404159546,0
529,2,3.4941694736480713,1
529,0,2.968782901763916,0
529,1,3.2068705558776855,0
1962,2,3.3185617923736572,1
1962,1,3.0374951362609863,0
1962,0,3.112931728363037,0
3127,1,2.9790101051330566,1
3127,0,2.709988594055176,0
3127,2,3.26703143119812,0
2647,2,3.759111166000366,1
2647,0,3.3394992351531982,0
2647,1,3.4665985107421875,0
2431,2,3.1543288230895996,1
2431,0,2.7765984535217285,0
2431,1,3.039214849472046,0
2698,1,3.0574259757995605,1
2698,2,3.168362855911255,0
2698,0,2.827547550201416,0
940,2,3.5070977210998535,1
940,0,3.1549794673919678,0
940,1,3.285705327987671,0
157,1,3.0519096851348877,1
157,2,3.4831645488739014,0
157,0,2.98154878616333,0
3361,2,3.252148151397705,1
3361,0,3.103782892227173,0
3361,1,3.27364444732666,0
655,0,2.693295955657959,1
655,2,3.0202248096466064,0
655,1,2.9716315269470215,0
2688,1,2.939655065536499,1
2688,0,2.600093126296997,0
2688,2,3.087569236755371,0
400,1,2.9906604290008545,1
400,0,2.7315351963043213,0
400,2,3.0799965858459473,0
3022,2,2.988982915878296,1
3022,0,2.357377767562866,0
3022,1,2.8652749061584473,0
3596,1,3.051959753036499,1
3596,2,3.276885986328125,0
3596,0,2.825239419937134,0
3775,1,3.0692195892333984,1
3775,2,3.0431723594665527,0
3775,0,2.835571050643921,0
3510,2,3.5999341011047363,1
3510,1,3.2300267219543457,0
3510,0,3.1779274940490723,0
1891,2,3.125504493713379,1
1891,1,2.8536698818206787,0
1891,0,2.8410017490386963,0
2336,2,3.1235272884368896,1
2336,0,2.6317238807678223,0
2336,1,2.784013509750366,0
2674,1,2.791968822479248,1
2674,0,2.726661205291748,0
2674,2,3.107816457748413,0
307,1,3.176043748855591,1
307,2,3.374581813812256,0
307,0,2.970609664916992,0
1172,0,3.45710825920105,1
1172,2,3.8083882331848145,0
1172,1,3.385295867919922,0
408,2,2.976486921310425,1
408,1,2.631053924560547,0
408,0,2.5074188709259033,0
1947,2,3.9292666912078857,1
1947,0,3.364589214324951,0
1947,1,3.407371759414673,0
842,1,3.3179478645324707,1
842,0,3.4764676094055176,0
842,2,4.160546779632568,0
216,0,3.385751247406006,1
216,1,3.5612354278564453,0
216,2,3.603854179382324,0
3071,0,2.882017135620117,1
3071,1,3.004089832305908,0
3071,2,3.383756637573242,0
3014,2,3.3133907318115234,1
3014,0,2.869931221008301,0
3014,1,3.066650629043579,0
2692,1,3.0551438331604004,1
2692,0,2.8667469024658203,0
2692,2,3.2695975303649902,0
321,0,2.971696376800537,1
321,2,3.4526681900024414,0
321,1,3.069413661956787,0
3242,0,2.8905532360076904,1
3242,1,3.1228957176208496,0
3242,2,3.211387872695923,0
2212,1,3.1416261196136475,1
2212,2,3.676483154296875,0
2212,0,3.204606056213379,0
3879,1,3.0690340995788574,1
3879,2,3.2336575984954834,0
3879,0,2.839431047439575,0
1527,2,3.1643991470336914,1
1527,0,2.6339752674102783,0
1527,1,2.9848473072052,0
841,0,2.435637950897217,1
841,1,2.873410940170288,0
841,2,2.6514978408813477,0
3642,2,3.585099220275879,1
3642,0,3.2211365699768066,0
3642,1,3.2815728187561035,0
469,0,2.705446720123291,1
469,2,3.031269073486328,0
469,1,3.123819351196289,0
752,0,3.0515341758728027,1
752,2,3.5182390213012695,0
752,1,3.2062416076660156,0
2159,1,3.3533079624176025,1
2159,0,3.2321982383728027,0
2159,2,3.7648653984069824,0
653,2,3.5282254219055176,1
653,0,2.962883949279785,0
653,1,3.1173808574676514,0
3497,1,3.0883069038391113,1
3497,0,3.200376033782959,0
3497,2,3.5839197635650635,0
1573,1,3.2379705905914307,1
1573,0,2.8507978916168213,0
1573,2,3.257128953933716,0
995,0,2.5948398113250732,1
995,1,3.002359390258789,0
995,2,2.915408134460449,0
1465,2,3.4301562309265137,1
1465,1,3.168590545654297,0
1465,0,2.9283642768859863,0
2933,1,3.123871326446533,1
2933,0,3.108964443206787,0
2933,2,3.505138874053955,0
1931,1,2.7501766681671143,1
1931,2,2.957811117172241,0
1931,0,2.749544143676758,0
1399,2,3.248288154602051,1
1399,1,3.265984296798706,0
1399,0,2.7949986457824707,0
3989,1,3.1222424507141113,1
3989,0,2.86775279045105,0
3989,2,3.438457489013672,0
593,0,2.484503984451294,1
593,2,2.774970531463623,0
593,1,2.902601718902588,0
91,0,2.8002562522888184,1
91,1,3.0573105812072754,0
91,2,3.1482415199279785,0
1987,1,2.900345802307129,1
1987,0,2.6472277641296387,0
1987,2,3.0884904861450195,0
1216,0,2.8348917961120605,1
1216,1,3.0829877853393555,0
1216,2,3.3635568618774414,0
2562,0,2.598038673400879,1
2562,2,3.1621906757354736,0
2562,1,2.854851722717285,0
2861,1,3.172114610671997,1
2861,2,3.7163569927215576,0
2861,0,3.2093567848205566,0
3209,2,3.1645145416259766,1
3209,0,2.8476805686950684,0
3209,1,2.950299024581909,0
1936,1,3.103102207183838,1
1936,0,2.931046485900879,0
1936,2,3.4422852993011475,0
3977,2,2.9560437202453613,1
3977,0,2.662550926208496,0
3977,1,2.834172248840332,0
3709,1,2.9603307247161865,1
3709,0,2.760404348373413,0
3709,2,3.138249397277832,0
3488,1,3.0582315921783447,1
3488,2,2.8079617023468018,0
3488,0,2.510622024536133,0
1776,2,2.770042657852173,1
1776,1,2.7207090854644775,0
1776,0,2.3899147510528564,0
535,1,2.936037063598633,1
535,2,3.1708602905273438,0
535,0,2.585949420928955,0
887,0,2.406024694442749,1
887,2,2.9192090034484863,0
887,1,2.891197681427002,0
2106,1,2.791858673095703,1
2106,2,2.9108424186706543,0
2106,0,2.4269604682922363,0
2169,2,3.083146572113037,1
2169,1,2.8943819999694824,0
2169,0,2.5526771545410156,0
3867,2,3.716700553894043,1
3867,1,2.9623770713806152,0
3867,0,2.9570229053497314,0
3493,2,3.103346109390259,1
3493,0,2.66312575340271,0
3493,1,3.0217652320861816,0
603,2,2.899031162261963,1
603,1,2.905463695526123,0
603,0,2.385227918624878,0
2556,2,3.8489675521850586,1
2556,1,3.682494640350342,0
2556,0,3.37591814994812,0
1638,2,3.2107253074645996,1
1638,0,2.695131301879883,0
1638,1,3.1082301139831543,0
246,0,2.8463473320007324,1
246,1,3.246997356414795,0
246,2,3.1467738151550293,0
1775,2,3.3080010414123535,1
1775,0,2.8043315410614014,0
1775,1,3.0672671794891357,0
4040,2,2.9288852214813232,1
4040,1,3.022991180419922,0
4040,0,2.6541929244995117,0
3733,2,3.331202983856201,1
3733,0,2.934185266494751,0
3733,1,2.955775737762451,0
414,0,3.2201504707336426,1
414,1,3.330836296081543,0
414,2,3.5732100009918213,0
630,0,2.965651035308838,1
630,1,3.12406849861145,0
630,2,3.5264041423797607,0
1718,1,2.933277130126953,1
1718,2,3.382413387298584,0
1718,0,2.9704606533050537,0
2379,2,3.248990774154663,1
2379,0,3.015847682952881,0
2379,1,3.155107259750366,0
73,0,2.2227091789245605,1
73,2,2.668072462081909,0
73,1,2.6968743801116943,0
898,0,3.091139793395996,1
898,2,3.3625130653381348,0
898,1,3.1930408477783203,0
1014,0,2.769578218460083,1
1014,2,3.1377739906311035,0
1014,1,3.087991952896118,0
3385,0,3.150679111480713,1
3385,1,3.3249335289001465,0
3385,2,3.5532736778259277,0
649,1,3.070579767227173,1
649,2,3.5244431495666504,0
649,0,2.8943912982940674,0
1946,2,3.410917043685913,1
1946,0,2.8830008506774902,0
1946,1,3.044001579284668,0
3981,2,3.3707242012023926,1
3981,0,3.2098491191864014,0
3981,1,3.0967319011688232,0
809,0,2.457531452178955,1
809,2,3.139862060546875,0
809,1,3.0938496589660645,0
2008,1,2.9601638317108154,1
2008,2,3.2246289253234863,0
2008,0,3.018054962158203,0
2694,1,3.014848232269287,1
2694,0,2.6213955879211426,0
2694,2,3.029142141342163,0
3327,1,2.8606698513031006,1
3327,2,3.0124709606170654,0
3327,0,2.724817991256714,0
3268,2,3.593034267425537,1
3268,0,2.9947447776794434,0
3268,1,3.1912574768066406,0
2493,0,2.442369222640991,1
2493,2,3.074735164642334,0
2493,1,3.0948314666748047,0
1039,1,3.2275240421295166,1
1039,2,3.7655961513519287,0
1039,0,3.258434534072876,0
711,2,3.1685547828674316,1
711,1,2.97171688079834,0
711,0,2.7734951972961426,0
3118,2,3.5120038986206055,1
3118,1,3.1331448554992676,0
3118,0,3.096864700317383,0
2388,2,3.850022792816162,1
2388,0,3.0860681533813477,0
2388,1,3.2519350051879883,0
1887,1,2.8231263160705566,1
1887,0,2.53019380569458,0
1887,2,2.964719772338867,0
1720,1,2.9238555431365967,1
1720,2,3.1084399223327637,0
1720,0,2.667665958404541,0
1968,0,2.9304003715515137,1
1968,1,3.367396354675293,0
1968,2,3.3830208778381348,0
384,0,2.621790885925293,1
384,1,2.924129009246826,0
384,2,3.0035011768341064,0
1404,1,3.1456220149993896,1
1404,0,2.660764217376709,0
1404,2,3.278799057006836,0
3538,1,3.056217908859253,1
3538,2,3.1745572090148926,0
3538,0,2.8500161170959473,0
839,2,2.8942394256591797,1
839,0,2.410386085510254,0
839,1,2.7424869537353516,0
221,0,3.0114545822143555,1
221,2,3.6016058921813965,0
221,1,3.25941801071167,0
212,0,2.532172203063965,1
212,1,2.776381492614746,0
212,2,2.994936943054199,0
3148,0,2.6581201553344727,1
3148,2,3.153458595275879,0
3148,1,3.062831163406372,0
3331,2,3.1208744049072266,1
3331,1,2.986351251602173,0
3331,0,2.5549206733703613,0
693,2,3.336642026901245,1
693,0,3.1071043014526367,0
693,1,3.3311901092529297,0
2285,2,3.113752841949463,1
2285,1,3.0992448329925537,0
2285,0,2.8648414611816406,0
2588,1,2.9676530361175537,1
2588,0,2.91229510307312,0
2588,2,3.4200119972229004,0
453,0,2.588336229324341,1
453,1,2.879718542098999,0
453,2,2.965181589126587,0
913,2,3.290804386138916,1
913,0,2.963956356048584,0
913,1,3.3819165229797363,0
1965,1,3.1250059604644775,1
1965,0,3.131675958633423,0
1965,2,3.458510398864746,0
1494,2,3.3149213790893555,1
1494,0,2.6951255798339844,0
1494,1,2.8396222591400146,0
3651,0,3.0985918045043945,1
3651,1,3.2526755332946777,0
3651,2,3.598330497741699,0
3739,2,3.5024607181549072,1
3739,1,3.2386131286621094,0
3739,0,3.0822370052337646,0
2626,1,3.058166027069092,1
2626,0,2.6553568840026855,0
2626,2,2.9584317207336426,0
1139,2,3.2110118865966797,1
1139,1,3.0808324813842773,0
1139,0,2.6677160263061523,0
82,0,2.9075989723205566,1
82,1,3.091012954711914,0
82,2,3.1291918754577637,0
3713,2,2.8233213424682617,1
3713,0,2.465970516204834,0
3713,1,2.90962290763855,0
2137,2,2.9244041442871094,1
2137,0,2.5599093437194824,0
2137,1,2.970534563064575,0
3946,2,3.202371120452881,1
3946,0,2.930506706237793,0
3946,1,3.081939935684204,0
2038,0,2.6159472465515137,1
2038,2,3.0454509258270264,0
2038,1,2.9966979026794434,0
10,0,2.44077205657959,1
10,2,2.7090506553649902,0
10,1,3.084989547729492,0
122,0,3.2545673847198486,1
122,2,3.672049045562744,0
122,1,3.4058823585510254,0
2936,2,2.9996843338012695,1
2936,1,2.933805465698242,0
2936,0,2.5695371627807617,0
291,1,3.1008973121643066,1
291,0,2.8945741653442383,0
291,2,3.3312363624572754,0
2405,2,3.0808310508728027,1
2405,1,2.9770195484161377,0
2405,0,2.724060297012329,0
1732,2,2.9754445552825928,1
1732,1,3.0484464168548584,0
1732,0,2.6224277019500732,0
1542,0,3.1083216667175293,1
1542,1,3.098874092102051,0
1542,2,3.5108816623687744,0
1770,2,2.8321168422698975,1
1770,1,2.9685869216918945,0
1770,0,2.6239781379699707,0
1952,2,3.3915905952453613,1
1952,1,3.2017135620117188,0
1952,0,3.063131332397461,0
2476,2,3.3008875846862793,1
2476,1,3.181525945663452,0
2476,0,2.870241403579712,0
3193,1,2.973849296569824,1
3193,2,3.41560435295105,0
3193,0,2.981443405151367,0
2662,2,3.446577548980713,1
2662,1,3.2754735946655273,0
2662,0,3.1892037391662598,0
2981,2,3.354304552078247,1
2981,0,3.110628366470337,0
2981,1,3.104525089263916,0
4016,2,3.1166625022888184,1
4016,0,2.5799527168273926,0
4016,1,2.961610794067383,0
2490,2,3.154136896133423,1
2490,0,2.7812185287475586,0
2490,1,2.9698753356933594,0
243,0,2.5607337951660156,1
243,2,3.0074329376220703,0
243,1,2.985356330871582,0
2671,2,2.823090076446533,1
2671,1,2.855090379714966,0
2671,0,2.6063551902770996,0
2193,0,2.4689502716064453,1
2193,2,2.7568881511688232,0
2193,1,2.709270477294922,0
1614,1,3.056278705596924,1
1614,2,3.3136379718780518,0
1614,0,2.8550353050231934,0
2620,2,3.402479887008667,1
2620,0,2.9986844062805176,0
2620,1,2.910639762878418,0
3047,2,3.393561840057373,1
3047,0,2.998476505279541,0
3047,1,3.270529270172119,0
3290,2,2.8891849517822266,1
3290,1,2.706965684890747,0
3290,0,2.45419979095459,0
3442,2,3.2037436962127686,1
3442,0,2.6464285850524902,0
3442,1,3.0207905769348145,0
1289,0,2.8065011501312256,1
1289,2,3.155036687850952,0
1289,1,3.288078546524048,0
1583,1,2.9692564010620117,1
1583,0,2.6184065341949463,0
1583,2,2.881420612335205,0
1904,1,3.004580020904541,1
1904,2,3.216311454772949,0
1904,0,2.800812244415283,0
3422,1,2.943601131439209,1
3422,0,2.673198699951172,0
3422,2,3.1065495014190674,0
716,2,3.632993698120117,1
716,1,3.1999778747558594,0
716,0,3.127601385116577,0
3480,0,2.9083995819091797,1
3480,1,3.1943962574005127,0
3480,2,3.5495176315307617,0
3678,0,2.509082317352295,1
3678,1,2.6806607246398926,0
3678,2,2.938467264175415,0
1561,1,2.9749794006347656,1
1561,0,2.651388645172119,0
1561,2,3.067563533782959,0
2407,2,3.3570213317871094,1
2407,0,2.9457294940948486,0
2407,1,3.252746820449829,0
1677,0,2.949573040008545,1
1677,2,3.1210670471191406,0
1677,1,3.25608229637146,0
3896,2,3.0296690464019775,1
3896,0,2.723289728164673,0
3896,1,3.0230164527893066,0
3724,2,4.548374652862549,1
3724,1,3.6077394485473633,0
3724,0,3.903111457824707,0
3519,2,3.270087242126465,1
3519,0,3.0006885528564453,0
3519,1,3.133284091949463,0
3623,2,3.0440855026245117,1
3623,1,2.955151319503784,0
3623,0,2.5491411685943604,0
1460,1,3.236293315887451,1
1460,0,2.7806434631347656,0
1460,2,3.190073013305664,0
1119,2,3.4191980361938477,1
1119,1,3.044522285461426,0
1119,0,2.9546959400177,0
2786,1,3.2102890014648438,1
2786,2,3.4567928314208984,0
2786,0,3.07316255569458,0
1996,1,2.9595954418182373,1
1996,2,3.2801952362060547,0
1996,0,2.7451486587524414,0
3038,1,2.629570722579956,1
3038,2,2.850076675415039,0
3038,0,2.5808727741241455,0
2390,2,2.9124748706817627,1
2390,0,2.3133955001831055,0
2390,1,2.6465048789978027,0
3779,0,2.765092134475708,1
3779,2,3.2069852352142334,0
3779,1,2.962158203125,0
2559,0,2.64487886428833,1
2559,2,3.0297887325286865,0
2559,1,2.907166004180908,0
3059,2,2.8681907653808594,1
3059,1,2.919837474822998,0
3059,0,2.465038299560547,0
1532,2,3.1072776317596436,1
1532,1,2.960127353668213,0
1532,0,2.707974433898926,0
2907,0,2.539639949798584,1
2907,2,2.771460771560669,0
2907,1,2.688162088394165,0
3602,2,3.012172222137451,1
3602,0,2.7954158782958984,0
3602,1,2.8952696323394775,0
532,0,2.6990747451782227,1
532,2,3.08781361579895,0
532,1,3.0839145183563232,0
1333,0,2.907540798187256,1
1333,2,3.2410881519317627,0
1333,1,2.997223377227783,0
2317,1,3.0873758792877197,1
2317,2,3.190206527709961,0
2317,0,2.673233985900879,0
1551,0,2.8618035316467285,1
1551,1,3.0141043663024902,0
1551,2,3.3525476455688477,0
4131,1,2.8104562759399414,1
4131,2,2.687495708465576,0
4131,0,2.4111907482147217,0
4127,1,2.821157693862915,1
4127,2,2.961090087890625,0
4127,0,2.6240594387054443,0
1873,1,2.960516929626465,1
1873,0,2.8909926414489746,0
1873,2,3.194946765899658,0
2618,1,2.8282694816589355,1
2618,0,2.5482535362243652,0
2618,2,3.0661356449127197,0
245,0,3.2354846000671387,1
245,1,3.371181011199951,0
245,2,3.572746515274048,0
161,1,3.4870798587799072,1
161,0,3.129953145980835,0
161,2,3.4561450481414795,0
804,2,3.386664628982544,1
804,1,3.0262842178344727,0
804,0,2.824556350708008,0
2267,1,2.895202875137329,1
2267,2,2.8993747234344482,0
2267,0,2.4853579998016357,0
2081,2,3.5585761070251465,1
2081,0,3.134342908859253,0
2081,1,3.2903542518615723,0
1762,1,3.0592284202575684,1
1762,0,2.91603946685791,0
1762,2,3.3132855892181396,0
3060,1,3.038015365600586,1
3060,0,2.6741719245910645,0
3060,2,3.2457292079925537,0
1280,1,3.006437301635742,1
1280,0,2.647897243499756,0
1280,2,2.9718804359436035,0
1328,0,2.527534008026123,1
1328,1,2.8812355995178223,0
1328,2,3.033499002456665,0
1340,2,3.1282143592834473,1
1340,0,2.865570068359375,0
1340,1,3.04672908782959,0
2508,2,3.4030752182006836,1
2508,0,2.939411163330078,0
2508,1,3.034158945083618,0
1966,1,3.15077543258667,1
1966,2,3.4106814861297607,0
1966,0,2.8493235111236572,0
3577,0,3.0890841484069824,1
3577,2,3.6256375312805176,0
3577,1,3.1798958778381348,0
2622,2,3.281324863433838,1
2622,0,3.3059022426605225,0
2622,1,3.2525694370269775,0
184,0,3.0148704051971436,1
184,1,3.2149736881256104,0
184,2,3.548658847808838,0
3219,1,2.950971841812134,1
3219,0,2.974463939666748,0
3219,2,3.2277722358703613,0
3825,0,2.474421977996826,1
3825,1,2.764413356781006,0
3825,2,2.907625198364258,0
172,0,3.120579481124878,1
172,2,3.4438483715057373,0
172,1,3.2837436199188232,0
2194,2,3.0017201900482178,1
2194,0,2.9385299682617188,0
2194,1,3.3401341438293457,0
313,1,2.945934295654297,1
313,0,2.735424280166626,0
313,2,3.3272860050201416,0
3403,2,3.160170555114746,1
3403,1,2.956486225128174,0
3403,0,2.7503502368927,0
3499,0,2.7210452556610107,1
3499,2,3.1566078662872314,0
3499,1,2.8763351440429688,0
1142,0,3.0615792274475098,1
1142,1,3.3891758918762207,0
1142,2,3.3659908771514893,0
41,0,3.1484577655792236,1
41,1,3.2678723335266113,0
41,2,3.460975408554077,0
2600,2,3.6053078174591064,1
2600,1,3.145559787750244,0
2600,0,3.09272837638855,0
258,0,2.994257688522339,1
258,2,3.4880385398864746,0
258,1,2.833141565322876,0
1086,0,2.842194080352783,1
1086,1,3.1322641372680664,0
1086,2,3.3171863555908203,0
1003,0,2.4398698806762695,1
1003,1,3.0060198307037354,0
1003,2,2.976775646209717,0
4106,2,3.3225972652435303,1
4106,1,2.989114284515381,0
4106,0,2.879800796508789,0
892,0,3.3150269985198975,1
892,2,3.607394218444824,0
892,1,3.3720948696136475,0
153,0,2.545814037322998,1
153,1,3.0700266361236572,0
153,2,2.8672189712524414,0
695,1,3.1371779441833496,1
695,2,3.1509628295898438,0
695,0,2.8068134784698486,0
3406,1,2.7716941833496094,1
3406,0,2.7353835105895996,0
3406,2,2.9762303829193115,0
2787,2,3.263913631439209,1
2787,0,2.8321361541748047,0
2787,1,2.82033634185791,0
1869,2,3.024980306625366,1
1869,1,3.1771156787872314,0
1869,0,2.911092758178711,0
1185,2,3.0582263469696045,1
1185,1,2.866144895553589,0
1185,0,2.558222770690918,0
3221,1,2.9675779342651367,1
3221,2,3.337615489959717,0
3221,0,2.7386741638183594,0
2014,1,2.934549331665039,1
2014,0,2.9419620037078857,0
2014,2,3.4093236923217773,0
2854,2,3.303987503051758,1
2854,1,3.0777652263641357,0
2854,0,2.8704590797424316,0
3005,1,3.2690787315368652,1
3005,2,3.720207452774048,0
3005,0,3.408205986022949,0
3903,2,3.0752782821655273,1
3903,1,3.037071704864502,0
3903,0,2.941977024078369,0
871,2,3.245258092880249,1
871,0,2.823016881942749,0
871,1,2.986093282699585,0
1021,0,2.831089735031128,1
1021,1,2.8726391792297363,0
1021,2,3.2155919075012207,0
2597,2,3.2930710315704346,1
2597,0,2.915816307067871,0
2597,1,3.0659031867980957,0
311,1,2.9414637088775635,1
311,2,3.16650390625,0
311,0,2.832685947418213,0
1034,2,3.261425495147705,1
1034,0,2.960207462310791,0
1034,1,3.1753110885620117,0
43,0,2.846370220184326,1
43,1,3.0166454315185547,0
43,2,3.323310136795044,0
3932,2,3.4099273681640625,1
3932,1,3.0596508979797363,0
3932,0,3.0037636756896973,0
739,0,2.508704662322998,1
739,1,2.7376863956451416,0
739,2,2.8397059440612793,0
1037,1,3.3914566040039062,1
1037,0,3.350536346435547,0
1037,2,3.5655622482299805,0
672,0,2.7671895027160645,1
672,1,3.092841148376465,0
672,2,3.0644874572753906,0
3379,1,3.0943431854248047,1
3379,2,3.7676100730895996,0
3379,0,3.1259427070617676,0
1228,2,3.1511762142181396,1
1228,0,2.66066837310791,0
1228,1,2.914340019226074,0
2471,0,3.1237285137176514,1
2471,1,3.148834228515625,0
2471,2,3.450092315673828,0
622,0,2.5564494132995605,1
622,2,2.8908469676971436,0
622,1,3.034752130508423,0
4142,1,3.0982582569122314,1
4142,0,2.948852300643921,0
4142,2,3.317330837249756,0
1506,1,3.1288833618164062,1
1506,0,3.066967010498047,0
1506,2,3.252053737640381,0
362,1,3.275200128555298,1
362,2,3.625460624694824,0
362,0,3.161834716796875,0
768,1,3.219285011291504,1
768,2,3.284358024597168,0
768,0,3.042294502258301,0
2293,1,3.1247293949127197,1
2293,2,3.370244264602661,0
2293,0,2.9208669662475586,0
457,1,3.032184600830078,1
457,2,2.911694049835205,0
457,0,2.632042646408081,0
455,0,3.689116954803467,1
455,1,3.5395965576171875,0
455,2,3.8438754081726074,0
1994,1,3.0339267253875732,1
1994,0,2.720351219177246,0
1994,2,3.2380080223083496,0
3102,2,2.9153153896331787,1
3102,1,2.712101459503174,0
3102,0,2.4181859493255615,0
3486,2,3.6329216957092285,1
3486,1,3.2114694118499756,0
3486,0,3.2872509956359863,0
1212,2,3.095306396484375,1
1212,1,2.8597378730773926,0
1212,0,2.7620115280151367,0
2039,0,2.7378897666931152,1
2039,2,3.270111083984375,0
2039,1,3.0334692001342773,0
2444,1,2.829672336578369,1
2444,2,2.932370185852051,0
2444,0,2.6259658336639404,0
137,0,2.7775936126708984,1
137,1,2.998016595840454,0
137,2,2.983757495880127,0
3719,2,3.2736458778381348,1
3719,0,2.9648618698120117,0
3719,1,3.1994659900665283,0
337,0,2.6792004108428955,1
337,1,3.0110583305358887,0
337,2,2.8390135765075684,0
3958,1,2.9420011043548584,1
3958,2,3.0670433044433594,0
3958,0,2.55810809135437,0
4086,1,3.100428581237793,1
4086,2,3.103562355041504,0
4086,0,2.6898531913757324,0
3537,2,3.497053384780884,1
3537,1,3.1439096927642822,0
3537,0,2.9772789478302,0
90,0,3.050568103790283,1
90,1,2.94413423538208,0
90,2,3.5628128051757812,0
2134,2,3.2094314098358154,1
2134,1,2.9175586700439453,0
2134,0,2.812199831008911,0
2432,1,3.2668981552124023,1
2432,0,3.0415992736816406,0
2432,2,3.1098241806030273,0
391,1,2.7512471675872803,1
391,2,3.162048578262329,0
391,0,2.881525993347168,0
1313,0,2.928832769393921,1
1313,1,3.385225296020508,0
1313,2,3.2476162910461426,0
1341,0,2.870652675628662,1
1341,2,3.33489990234375,0
1341,1,3.1933979988098145,0
3177,0,3.0773651599884033,1
3177,2,3.4073381423950195,0
3177,1,3.240567445755005,0
3299,2,2.6766393184661865,1
3299,1,2.9401698112487793,0
3299,0,2.2475826740264893,0
1472,1,2.729121685028076,1
1472,2,2.9145796298980713,0
1472,0,2.4435691833496094,0
2114,1,2.9464428424835205,1
2114,2,3.0228705406188965,0
2114,0,2.527433156967163,0
1871,2,2.9865012168884277,1
1871,1,2.7891628742218018,0
1871,0,2.667764186859131,0
1288,0,2.732511043548584,1
1288,1,2.989072799682617,0
1288,2,3.2166528701782227,0
1861,2,3.2318193912506104,1
1861,0,2.932544231414795,0
1861,1,3.3661460876464844,0
689,0,2.7975125312805176,1
689,2,3.099304437637329,0
689,1,2.927123546600342,0
961,0,2.9697635173797607,1
961,2,3.356476306915283,0
961,1,3.378242254257202,0
36,1,3.0865180492401123,1
36,0,2.599506378173828,0
36,2,2.9274423122406006,0
290,1,2.7523751258850098,1
290,0,2.429018497467041,0
290,2,2.8386454582214355,0
1559,2,3.343353509902954,1
1559,0,2.676766872406006,0
1559,1,2.9128828048706055,0
3192,2,2.9912233352661133,1
3192,1,2.9315543174743652,0
3192,0,2.475269317626953,0
1198,0,2.8077125549316406,1
1198,2,3.051767587661743,0
1198,1,2.8183631896972656,0
2023,1,3.1712379455566406,1
2023,2,3.2231194972991943,0
2023,0,2.933412551879883,0
1725,1,2.958526134490967,1
1725,2,3.3725016117095947,0
1725,0,2.8637325763702393,0
1356,2,3.2767653465270996,1
1356,1,3.068265438079834,0
1356,0,2.8694777488708496,0
3818,1,2.788717031478882,1
3818,2,3.0156733989715576,0
3818,0,2.4782772064208984,0
4148,2,3.351466655731201,1
4148,0,2.827005386352539,0
4148,1,2.9170596599578857,0
4085,0,2.682596206665039,1
4085,2,2.957207679748535,0
4085,1,2.9406540393829346,0
3250,1,2.9488983154296875,1
3250,0,2.741067886352539,0
3250,2,3.046353816986084,0
714,0,2.731024742126465,1
714,2,3.178685426712036,0
714,1,3.1360890865325928,0
2657,2,3.079350471496582,1
2657,1,3.218136787414551,0
2657,0,2.6021389961242676,0
1534,1,3.2326505184173584,1
1534,0,2.736966609954834,0
1534,2,3.3849380016326904,0
1705,1,3.2219417095184326,1
1705,2,3.2301387786865234,0
1705,0,2.9450058937072754,0
3058,1,3.387333393096924,1
3058,2,3.9258322715759277,0
3058,0,3.4587442874908447,0
3426,2,3.0852227210998535,1
3426,0,2.699965715408325,0
3426,1,2.7989025115966797,0
2901,1,3.118211269378662,1
2901,0,2.9011921882629395,0
2901,2,3.3369109630584717,0
113,0,2.3734846115112305,1
113,2,2.975266695022583,0
113,1,2.707514762878418,0
1675,2,3.5030717849731445,1
1675,0,3.061492443084717,0
1675,1,3.4278736114501953,0
3693,0,2.7112832069396973,1
3693,1,3.029245376586914,0
3693,2,3.321894884109497,0
3966,1,2.9536080360412598,1
3966,2,3.077479124069214,0
3966,0,2.818236827850342,0
2152,1,3.401449680328369,1
2152,2,3.2890710830688477,0
2152,0,2.8398666381835938,0
2456,2,3.82558536529541,1
2456,1,3.173600912094116,0
2456,0,3.2574210166931152,0
3452,0,2.5148279666900635,1
3452,1,2.907524585723877,0
3452,2,2.7411704063415527,0
159,0,2.7443411350250244,1
159,1,2.944985866546631,0
159,2,2.9976871013641357,0
3501,2,3.3294870853424072,1
3501,0,2.809908866882324,0
3501,1,3.1025781631469727,0
49,0,2.8786733150482178,1
49,2,3.415792465209961,0
49,1,3.2072484493255615,0
416,2,3.462956428527832,1
416,0,3.228130578994751,0
416,1,3.2408370971679688,0
785,0,3.1584110260009766,1
785,2,3.328644037246704,0
785,1,3.2543859481811523,0
3103,2,2.737941265106201,1
3103,1,2.6866917610168457,0
3103,0,2.2801883220672607,0
1531,0,2.7581629753112793,1
1531,1,3.1262121200561523,0
1531,2,3.072706699371338,0
3916,2,3.0029516220092773,1
3916,0,2.714468240737915,0
3916,1,2.968764305114746,0
3267,2,2.8940911293029785,1
3267,0,2.576984167098999,0
3267,1,3.0573267936706543,0
1466,0,2.929060220718384,1
1466,1,3.2026219367980957,0
1466,2,3.4634928703308105,0
3238,1,3.1362762451171875,1
3238,2,3.5931553840637207,0
3238,0,3.1393680572509766,0
2082,0,2.6853370666503906,1
2082,1,3.037506580352783,0
2082,2,3.281330108642578,0
2048,1,2.970158576965332,1
2048,0,2.6885499954223633,0
2048,2,3.1275477409362793,0
3620,2,3.241291046142578,1
3620,0,2.7388758659362793,0
3620,1,3.05003023147583,0
264,2,3.220961093902588,1
264,1,3.042733669281006,0
264,0,2.745159387588501,0
370,1,3.366051197052002,1
370,2,3.3064157962799072,0
370,0,3.0359041690826416,0
2685,2,3.1271657943725586,1
2685,0,2.5563483238220215,0
2685,1,2.897671699523926,0
477,0,2.499392032623291,1
477,2,3.0216293334960938,0
477,1,2.9110186100006104,0
1780,0,2.874462604522705,1
1780,2,3.392150402069092,0
1780,1,2.8395214080810547,0
1719,0,3.1175010204315186,1
1719,2,3.4620461463928223,0
1719,1,3.257685422897339,0
4096,2,3.2693800926208496,1
4096,0,2.6984331607818604,0
4096,1,2.9195690155029297,0
4005,0,2.443382501602173,1
4005,2,2.940983295440674,0
4005,1,2.930204391479492,0
540,1,3.1048967838287354,1
540,2,3.1205501556396484,0
540,0,2.792600631713867,0
949,1,2.7038044929504395,1
949,0,2.5096840858459473,0
949,2,2.9091198444366455,0
2986,1,3.1108274459838867,1
2986,0,2.8978779315948486,0
2986,2,3.2905397415161133,0
427,0,3.1165547370910645,1
427,2,3.4239015579223633,0
427,1,3.3856940269470215,0
1384,1,2.9304158687591553,1
1384,0,2.6422641277313232,0
1384,2,3.0338473320007324,0
628,1,2.9776089191436768,1
628,0,2.502387046813965,0
628,2,2.840702533721924,0
2316,2,3.404188394546509,1
2316,1,3.0892252922058105,0
2316,0,3.017178535461426,0
2263,1,3.0951571464538574,1
2263,2,3.3764238357543945,0
2263,0,2.952009439468384,0
3257,2,3.1243367195129395,1
3257,1,2.9760425090789795,0
3257,0,2.6791701316833496,0
2305,0,2.9247567653656006,1
2305,1,3.3637630939483643,0
2305,2,3.194371223449707,0
1976,1,2.9484784603118896,1
1976,2,3.5853991508483887,0
1976,0,2.9685206413269043,0
2342,2,2.9323277473449707,1
2342,1,2.981849193572998,0
2342,0,2.7277541160583496,0
3614,2,3.2659764289855957,1
3614,1,3.0825533866882324,0
3614,0,2.80466365814209,0
2426,2,2.8836467266082764,1
2426,1,2.889397621154785,0
2426,0,2.6524457931518555,0
2459,2,3.2127439975738525,1
2459,0,2.888179063796997,0
2459,1,3.0927858352661133,0
3436,2,3.470426559448242,1
3436,1,3.339519500732422,0
3436,0,3.18638277053833,0
3528,0,2.7673745155334473,1
3528,2,3.2172255516052246,0
3528,1,3.0342345237731934,0
3884,1,2.902533769607544,1
3884,2,3.238003969192505,0
3884,0,2.7693333625793457,0
2723,0,3.0098085403442383,1
2723,1,3.031116247177124,0
2723,2,3.4859583377838135,0
110,0,2.869856834411621,1
110,2,3.3512020111083984,0
110,1,3.3306193351745605,0
188,2,3.1835970878601074,1
188,1,2.9779083728790283,0
188,0,2.688952684402466,0
1168,1,3.0737900733947754,1
1168,2,3.443197727203369,0
1168,0,2.960385799407959,0
764,0,2.7609288692474365,1
764,1,3.2531964778900146,0
764,2,3.317803382873535,0
681,0,2.9936749935150146,1
681,2,3.368760108947754,0
681,1,3.254560947418213,0
1685,2,3.8271241188049316,1
1685,1,3.172119379043579,0
1685,0,3.2240867614746094,0
1225,1,2.86781644821167,1
1225,2,3.057093620300293,0
1225,0,2.4350757598876953,0
1848,2,3.5811991691589355,1
1848,0,3.1766674518585205,0
1848,1,3.382840871810913,0
3419,2,3.49847412109375,1
3419,1,3.115156650543213,0
3419,0,2.9808080196380615,0
3157,2,3.467942237854004,1
3157,0,3.1686177253723145,0
3157,1,3.3472633361816406,0
1079,1,2.9904441833496094,1
1079,0,3.056749105453491,0
1079,2,3.370492696762085,0
585,0,2.8789076805114746,1
585,1,2.836113929748535,0
585,2,3.48580265045166,0
2059,2,3.299440860748291,1
2059,1,2.807450771331787,0
2059,0,2.939854145050049,0
1213,2,3.0426292419433594,1
1213,0,2.7095866203308105,0
1213,1,3.2063541412353516,0
2932,1,3.1320626735687256,1
2932,2,3.3249411582946777,0
2932,0,2.9363441467285156,0
381,0,3.3173487186431885,1
381,1,3.330392599105835,0
381,2,3.8946805000305176,0
3089,1,3.368333578109741,1
3089,2,3.3415398597717285,0
3089,0,3.0361487865448,0
777,1,3.3180088996887207,1
777,2,3.1638171672821045,0
777,0,2.727062225341797,0
1473,2,3.146873712539673,1
1473,1,3.1782379150390625,0
1473,0,2.8136367797851562,0
3888,1,3.1298954486846924,1
3888,2,3.209223985671997,0
3888,0,2.8555216789245605,0
1152,2,3.1084864139556885,1
1152,1,2.8805036544799805,0
1152,0,2.7030587196350098,0
903,2,3.1391074657440186,1
903,1,3.234959840774536,0
903,0,2.7684054374694824,0
4064,2,3.8344013690948486,1
4064,1,3.5803778171539307,0
4064,0,3.577104330062866,0
3516,2,2.799459218978882,1
3516,0,2.5240745544433594,0
3516,1,3.063152313232422,0
1017,0,2.763749599456787,1
1017,1,3.0644171237945557,0
1017,2,3.3285956382751465,0
1115,1,3.060088872909546,1
1115,2,3.5497288703918457,0
1115,0,3.014617443084717,0
3160,1,2.8697991371154785,1
3160,0,2.6956799030303955,0
3160,2,3.012430191040039,0
1036,0,2.8078975677490234,1
1036,1,3.1619327068328857,0
1036,2,3.207653522491455,0
2650,0,2.5881028175354004,1
2650,2,2.971061944961548,0
2650,1,3.1253514289855957,0
1900,1,3.308133602142334,1
1900,0,2.990880012512207,0
1900,2,3.239614963531494,0
617,0,2.9362668991088867,1
617,1,3.1329305171966553,0
617,2,3.3468034267425537,0
820,1,3.078653335571289,1
820,0,2.8091752529144287,0
820,2,3.276638984680176,0
205,1,2.864866256713867,1
205,2,3.120427370071411,0
205,0,2.541147232055664,0
821,2,3.1840431690216064,1
821,1,3.5148229598999023,0
821,0,2.9647791385650635,0
738,0,2.7501704692840576,1
738,2,3.1592023372650146,0
738,1,3.037987232208252,0
1920,0,2.6132452487945557,1
1920,2,3.0605945587158203,0
1920,1,3.2928524017333984,0
984,1,2.9495723247528076,1
984,0,2.826085090637207,0
984,2,3.202910900115967,0
1426,2,3.1200084686279297,1
1426,1,2.9599130153656006,0
1426,0,2.9174060821533203,0
2102,1,2.871793031692505,1
2102,2,2.8397216796875,0
2102,0,2.3562066555023193,0
2845,0,2.70438551902771,1
2845,2,3.1750588417053223,0
2845,1,3.073702573776245,0
3109,1,2.7192723751068115,1
3109,2,3.1946167945861816,0
3109,0,2.677929639816284,0
2637,2,3.30411434173584,1
2637,0,2.5938639640808105,0
2637,1,2.8846638202667236,0
2808,1,3.022155284881592,1
2808,2,3.347418785095215,0
2808,0,2.8081891536712646,0
4002,2,3.4926581382751465,1
4002,0,3.0305745601654053,0
4002,1,3.184575080871582,0
495,0,2.4451937675476074,1
495,2,2.903702735900879,0
495,1,3.1206624507904053,0
3792,1,2.9099957942962646,1
3792,0,2.7527270317077637,0
3792,2,3.364170551300049,0
696,0,2.4551773071289062,1
696,1,3.123577356338501,0
696,2,2.7860851287841797,0
1187,1,2.978522300720215,1
1187,0,2.624786376953125,0
1187,2,3.26975679397583,0
3064,1,3.101036548614502,1
3064,0,2.55391526222229,0
3064,2,2.9427359104156494,0
1382,1,2.9808382987976074,1
1382,2,2.8729546070098877,0
1382,0,2.5835559368133545,0
1434,1,3.0453505516052246,1
1434,2,3.448946475982666,0
1434,0,2.9076130390167236,0
1969,1,3.190274715423584,1
1969,0,2.7976858615875244,0
1969,2,3.2786200046539307,0
3353,2,3.2522125244140625,1
3353,0,2.570038318634033,0
3353,1,2.921107769012451,0
572,2,3.158665180206299,1
572,1,3.053488254547119,0
572,0,2.7090275287628174,0
546,0,3.068509578704834,1
546,1,3.356921672821045,0
546,2,3.355164051055908,0
3070,1,2.8130693435668945,1
3070,0,2.7125978469848633,0
3070,2,3.2764370441436768,0
22,0,2.7853801250457764,1
22,1,2.982407808303833,0
22,2,3.184906005859375,0
3976,2,2.8145618438720703,1
3976,0,2.5074543952941895,0
3976,1,2.7756500244140625,0
3747,1,3.207538604736328,1
3747,0,2.919382095336914,0
3747,2,3.4018712043762207,0
3397,2,3.0165467262268066,1
3397,1,2.9882965087890625,0
3397,0,2.5011353492736816,0
95,0,2.895491600036621,1
95,2,3.3706209659576416,0
95,1,3.136215925216675,0
3420,2,3.001610040664673,1
3420,1,2.941948890686035,0
3420,0,2.641669273376465,0
1657,1,3.3361244201660156,1
1657,0,3.1177492141723633,0
1657,2,3.7190017700195312,0
3146,1,2.9388365745544434,1
3146,0,2.9418725967407227,0
3146,2,3.4817252159118652,0
915,2,4.007239818572998,1
915,0,3.3722288608551025,0
915,1,3.129196882247925,0
552,2,3.3036553859710693,1
552,0,2.8345131874084473,0
552,1,2.9872965812683105,0
3736,2,3.0538392066955566,1
3736,1,2.987905263900757,0
3736,0,2.715118408203125,0
3756,2,3.382232904434204,1
3756,1,3.0885627269744873,0
3756,0,3.2679708003997803,0
2814,1,2.9239165782928467,1
2814,2,2.834474802017212,0
2814,0,2.5198919773101807,0
3665,0,3.516392230987549,1
3665,1,3.2952346801757812,0
3665,2,3.879659652709961,0
3563,1,2.874669313430786,1
3563,0,2.647578239440918,0
3563,2,3.278188467025757,0
211,0,2.788038492202759,1
211,1,2.967531681060791,0
211,2,3.305659294128418,0
2757,2,3.490760087966919,1
2757,0,3.105571746826172,0
2757,1,3.5494794845581055,0
4159,0,3.412019729614258,1
4159,2,3.8683488368988037,0
4159,1,3.5207879543304443,0
1694,1,2.9342222213745117,1
1694,0,2.6314635276794434,0
1694,2,3.0941121578216553,0
3293,0,2.6379997730255127,1
3293,2,3.1859610080718994,0
3293,1,2.9732420444488525,0
1781,1,3.183577060699463,1
1781,2,3.6025331020355225,0
1781,0,3.1961612701416016,0
417,1,3.275588274002075,1
417,0,2.8965275287628174,0
417,2,3.425083637237549,0
1847,0,2.706233501434326,1
1847,2,2.95633602142334,0
1847,1,2.9543330669403076,0
2332,2,3.3909249305725098,1
2332,0,2.7456977367401123,0
2332,1,3.1048011779785156,0
1155,0,3.1195626258850098,1
1155,2,3.3909645080566406,0
1155,1,3.354365587234497,0
6,1,3.1017282009124756,1
6,0,2.7521262168884277,0
6,2,3.2693803310394287,0
1893,1,3.0191714763641357,1
1893,2,3.1211884021759033,0
1893,0,2.7482762336730957,0
1738,0,2.7430002689361572,1
1738,1,2.909929037094116,0
1738,2,3.2508480548858643,0
1949,1,2.9881818294525146,1
1949,0,2.915886878967285,0
1949,2,3.18898868560791,0
670,1,3.1013176441192627,1
670,0,2.9519498348236084,0
670,2,3.407747983932495,0
3992,2,3.4661028385162354,1
3992,0,2.9218034744262695,0
3992,1,2.952134609222412,0
3080,2,3.0753626823425293,1
3080,0,2.765240430831909,0
3080,1,3.030277967453003,0
713,0,2.5184757709503174,1
713,1,2.8729629516601562,0
713,2,2.934018850326538,0
4022,1,3.0637335777282715,1
4022,2,3.094733476638794,0
4022,0,2.7524404525756836,0
3531,2,3.099498987197876,1
3531,0,2.731367349624634,0
3531,1,3.2686774730682373,0
855,0,3.1097681522369385,1
855,2,3.489751100540161,0
855,1,3.3139138221740723,0
2427,2,3.0421507358551025,1
2427,1,2.937382221221924,0
2427,0,2.716115713119507,0
613,0,2.4313642978668213,1
613,1,2.753830909729004,0
613,2,2.729243278503418,0
1689,2,3.5223886966705322,1
1689,0,2.897526741027832,0
1689,1,3.079615592956543,0
404,0,3.0341944694519043,1
404,1,3.260664224624634,0
404,2,3.50415301322937,0
3659,2,3.0462746620178223,1
3659,1,3.2932565212249756,0
3659,0,2.774888753890991,0
2966,2,3.1125552654266357,1
2966,0,2.4806957244873047,0
2966,1,2.908743381500244,0
4157,1,2.987731456756592,1
4157,2,3.176121711730957,0
4157,0,2.5899312496185303,0
3356,2,3.644136905670166,1
3356,0,3.058732271194458,0
3356,1,3.3933095932006836,0
2126,0,2.8937315940856934,1
2126,1,3.097405433654785,0
2126,2,3.370622158050537,0
472,2,3.4385604858398438,1
472,1,3.2488362789154053,0
472,0,3.038877487182617,0
3029,1,2.8943066596984863,1
3029,0,2.6489124298095703,0
3029,2,3.2027957439422607,0
637,2,2.9462170600891113,1
637,0,2.6402602195739746,0
637,1,2.860980272293091,0
1241,0,2.742631673812866,1
1241,1,3.008772611618042,0
1241,2,2.916656255722046,0
3335,0,2.861774444580078,1
3335,1,3.003251314163208,0
3335,2,3.3203940391540527,0
3104,1,2.777637481689453,1
3104,0,2.481769561767578,0
3104,2,2.904770851135254,0
1205,2,3.102775812149048,1
1205,0,2.6663084030151367,0
1205,1,3.150973081588745,0
2206,0,3.227376699447632,1
2206,2,3.9399685859680176,0
2206,1,3.1854870319366455,0
1849,2,2.6380882263183594,1
1849,1,2.699395179748535,0
1849,0,2.2145259380340576,0
3055,1,3.258192300796509,1
3055,2,3.62941312789917,0
3055,0,3.197526216506958,0
1629,2,3.274400472640991,1
1629,0,2.930067539215088,0
1629,1,3.124537944793701,0
3849,2,3.1307084560394287,1
3849,1,3.060671329498291,0
3849,0,2.759777069091797,0
3666,0,2.50498366355896,1
3666,2,3.0540366172790527,0
3666,1,2.8655247688293457,0
3334,0,2.786100149154663,1
3334,2,3.2226977348327637,0
3334,1,2.960029125213623,0
3802,0,2.8963732719421387,1
3802,1,3.0786173343658447,0
3802,2,3.4502761363983154,0
3668,1,3.1474263668060303,1
3668,0,2.9394690990448,0
3668,2,3.304198980331421,0
1791,1,2.971221446990967,1
1791,0,2.7690000534057617,0
1791,2,3.1654679775238037,0
2028,1,3.359354257583618,1
2028,0,2.918206214904785,0
2028,2,3.345027446746826,0
2509,2,3.5349409580230713,1
2509,0,3.0123367309570312,0
2509,1,3.2940540313720703,0
2857,0,3.017307758331299,1
2857,1,3.1945438385009766,0
2857,2,3.4962246417999268,0
3202,2,3.183516502380371,1
3202,1,2.8509156703948975,0
3202,0,2.5921425819396973,0
4140,1,3.1599748134613037,1
4140,2,3.1835122108459473,0
4140,0,2.9686279296875,0
3427,1,3.016287088394165,1
3427,2,3.1035096645355225,0
3427,0,2.639292001724243,0
259,0,2.190554141998291,1
259,1,2.8163557052612305,0
259,2,2.786088228225708,0
3681,1,3.0487465858459473,1
3681,0,2.793602466583252,0
3681,2,3.0076706409454346,0
1110,0,2.4606246948242188,1
1110,2,2.798569679260254,0
1110,1,3.064373254776001,0
1908,1,3.109666347503662,1
1908,0,2.620419979095459,0
1908,2,3.1471288204193115,0
1160,1,3.1772823333740234,1
1160,0,3.0751147270202637,0
1160,2,3.528346061706543,0
2378,2,3.2917263507843018,1
2378,1,3.203451156616211,0
2378,0,2.959813117980957,0
46,0,2.8462440967559814,1
46,1,3.3266353607177734,0
46,2,3.426546573638916,0
2828,2,2.9971015453338623,1
2828,1,2.863394260406494,0
2828,0,2.580813407897949,0
1054,1,3.141366481781006,1
1054,2,3.5484282970428467,0
1054,0,3.092106580734253,0
2940,2,2.8604094982147217,1
2940,0,2.4361214637756348,0
2940,1,3.10268235206604,0
2725,1,3.249724864959717,1
2725,2,3.0605552196502686,0
2725,0,2.804868698120117,0
1618,2,3.350093364715576,1
1618,1,3.218994379043579,0
1618,0,2.9808573722839355,0
4121,2,2.5881998538970947,1
4121,1,2.6280200481414795,0
4121,0,2.2947936058044434,0
2886,2,2.8815195560455322,1
2886,1,2.8368585109710693,0
2886,0,2.5807666778564453,0
1348,2,3.3114686012268066,1
1348,0,2.8660831451416016,0
1348,1,3.1038870811462402,0
1179,0,3.2350664138793945,1
1179,1,3.2450942993164062,0
1179,2,3.678309917449951,0
2800,1,2.9354500770568848,1
2800,2,3.405669927597046,0
2800,0,2.816627264022827,0
2818,1,3.148841142654419,1
2818,0,3.0839738845825195,0
2818,2,3.4296653270721436,0
596,1,3.348026752471924,1
596,2,3.713444948196411,0
596,0,3.1982245445251465,0
2521,1,3.189537525177002,1
2521,0,3.072932243347168,0
2521,2,3.4853930473327637,0
1080,2,2.664943218231201,1
1080,0,2.5860471725463867,0
1080,1,2.6275579929351807,0
982,1,3.1616413593292236,1
982,0,2.610104560852051,0
982,2,2.943967342376709,0
3019,2,3.0072410106658936,1
3019,1,2.9439003467559814,0
3019,0,2.7122576236724854,0
3641,1,2.8333933353424072,1
3641,2,2.8698320388793945,0
3641,0,2.3401269912719727,0
955,0,2.3714263439178467,1
955,2,2.861133337020874,0
955,1,2.769890308380127,0
551,0,2.620488166809082,1
551,2,2.990062952041626,0
551,1,2.716916084289551,0
1088,2,3.240412712097168,1
1088,1,3.0457346439361572,0
1088,0,2.8544254302978516,0
20,0,2.8432869911193848,1
20,2,3.1816463470458984,0
20,1,3.3028957843780518,0
1169,1,3.1634750366210938,1
1169,2,3.2813310623168945,0
1169,0,3.007652759552002,0
3557,2,3.333472728729248,1
3557,0,2.8143150806427,0
3557,1,2.9150564670562744,0
2046,0,3.1984570026397705,1
2046,2,3.6495752334594727,0
2046,1,3.2769930362701416,0
3478,0,2.7277674674987793,1
3478,1,3.1056578159332275,0
3478,2,3.1867973804473877,0
4151,2,3.247457265853882,1
4151,1,2.8796207904815674,0
4151,0,2.729569911956787,0
1546,0,2.5437240600585938,1
1546,1,3.1362736225128174,0
1546,2,2.9713149070739746,0
2867,2,3.3737690448760986,1
2867,0,2.717724561691284,0
2867,1,2.9004077911376953,0
3611,2,3.469967842102051,1
3611,1,3.1159894466400146,0
3611,0,2.9730472564697266,0
2240,1,3.090787410736084,1
2240,0,2.6994473934173584,0
2240,2,3.0060863494873047,0
3803,1,2.8707969188690186,1
3803,0,2.6983251571655273,0
3803,2,3.20354962348938,0
1670,0,2.8700945377349854,1
1670,2,3.2165133953094482,0
1670,1,3.0939974784851074,0
3766,1,3.023087501525879,1
3766,2,3.293679714202881,0
3766,0,2.8521926403045654,0
2689,2,3.210256576538086,1
2689,0,2.722870349884033,0
2689,1,3.135730504989624,0
1302,1,3.1918280124664307,1
1302,2,3.6040191650390625,0
1302,0,3.0834269523620605,0
3511,1,2.8000006675720215,1
3511,2,3.466439723968506,0
3511,0,2.853966236114502,0
3907,2,3.1238279342651367,1
3907,1,3.2248382568359375,0
3907,0,2.8234567642211914,0
1425,0,2.9584147930145264,1
1425,2,3.5149970054626465,0
1425,1,3.079115390777588,0
50,0,2.676448345184326,1
50,2,2.981114387512207,0
50,1,2.819042205810547,0
2095,2,3.4410412311553955,1
2095,1,3.1839962005615234,0
2095,0,2.9142632484436035,0
615,2,3.2762014865875244,1
615,1,3.0667872428894043,0
615,0,3.0553674697875977,0
985,1,2.7544965744018555,1
985,2,3.060300827026367,0
985,0,2.556002616882324,0
1673,1,3.133742094039917,1
1673,0,3.0885329246520996,0
1673,2,3.500443696975708,0
1802,0,2.719679355621338,1
1802,2,3.334578037261963,0
1802,1,2.957301139831543,0
607,2,3.6608736515045166,1
607,1,3.2719051837921143,0
607,0,3.351217031478882,0
2331,2,3.3484950065612793,1
2331,1,2.8055245876312256,0
2331,0,2.9124972820281982,0
59,0,2.8527755737304688,1
59,1,3.356916666030884,0
59,2,3.2466788291931152,0
2308,2,3.388345241546631,1
2308,0,3.128059148788452,0
2308,1,3.0681018829345703,0
2514,1,2.983407497406006,1
2514,2,3.1393446922302246,0
2514,0,2.4256527423858643,0
1977,0,2.568816661834717,1
1977,1,2.931328773498535,0
1977,2,3.0280044078826904,0
1562,2,3.3198423385620117,1
1562,1,3.245866298675537,0
1562,0,2.9717540740966797,0
