movie_local,target_local,score,label
2852,2,6.985594749450684,1
2852,1,6.719197750091553,0
2852,0,6.090325355529785,0
1674,2,6.9083709716796875,1
1674,0,6.00242805480957,0
1674,1,6.994476318359375,0
2613,2,5.811668872833252,1
2613,0,5.164355278015137,0
2613,1,6.0761590003967285,0
2715,0,4.71155309677124,1
2715,2,5.360244274139404,0
2715,1,5.419347286224365,0
2019,2,5.8329973220825195,1
2019,0,5.212749004364014,0
2019,1,6.043295383453369,0
141,0,4.597649097442627,1
141,2,5.397041320800781,0
141,1,5.641175270080566,0
1550,0,4.801081657409668,1
1550,1,5.875855445861816,0
1550,2,6.326393127441406,0
621,1,7.17186164855957,1
621,0,6.47645902633667,0
621,2,6.944825172424316,0
1076,1,5.721525192260742,1
1076,2,5.757833003997803,0
1076,0,5.197905540466309,0
2045,1,5.874609470367432,1
2045,2,5.535202980041504,0
2045,0,5.2902512550354,0
2494,1,6.415596961975098,1
2494,2,6.032165050506592,0
2494,0,5.535585880279541,0
1056,0,5.634402751922607,1
1056,2,5.628385066986084,0
1056,1,6.001174449920654,0
2615,1,5.869468688964844,1
2615,0,5.213502883911133,0
2615,2,5.492154598236084,0
3297,1,5.3935770988464355,1
3297,0,4.936011791229248,0
3297,2,5.103581428527832,0
369,1,6.023528575897217,1
369,0,5.265924453735352,0
369,2,6.106562614440918,0
443,2,6.444372177124023,1
443,0,6.310257434844971,0
443,1,6.708309650421143,0
1637,0,5.558638572692871,1
1637,1,6.375286102294922,0
1637,2,6.059382438659668,0
3840,2,6.090801239013672,1
3840,1,6.231499671936035,0
3840,0,5.487133502960205,0
2720,1,7.123612403869629,1
2720,0,6.235891342163086,0
2720,2,6.730365753173828,0
2776,2,5.579216480255127,1
2776,0,5.66085958480835,0
2776,1,6.110138416290283,0
145,0,5.902168273925781,1
145,2,7.152268886566162,0
145,1,7.027464866638184,0
999,2,5.205146789550781,1
999,0,4.761364936828613,0
999,1,5.574090957641602,0
1975,2,7.149286270141602,1
1975,1,7.441525459289551,0
1975,0,6.303987503051758,0
30,0,5.113430976867676,1
30,2,5.638559341430664,0
30,1,5.794053077697754,0
144,0,5.090353012084961,1
144,1,5.614790916442871,0
144,2,5.311469554901123,0
3119,1,6.2764763832092285,1
3119,0,5.518233776092529,0
3119,2,6.126360893249512,0
3975,1,6.201450347900391,1
3975,2,5.749587059020996,0
3975,0,5.810235977172852,0
2340,2,5.671922206878662,1
2340,0,5.388174533843994,0
2340,1,6.034485340118408,0
1919,1,6.194582462310791,1
1919,0,5.3081207275390625,0
1919,2,5.909768104553223,0
2412,0,5.540463447570801,1
2412,1,5.9903244972229,0
2412,2,5.748866558074951,0
2100,1,6.827095985412598,1
2100,0,6.091104030609131,0
2100,2,6.369819641113281,0
3571,2,6.259756088256836,1
3571,0,5.744207859039307,0
3571,1,6.557342052459717,0
933,0,5.70445442199707,1
933,1,6.09983491897583,0
933,2,5.833466053009033,0
3475,2,5.653226852416992,1
3475,1,6.045506954193115,0
3475,0,5.3580121994018555,0
888,2,6.118209362030029,1
888,1,6.698427200317383,0
888,0,6.077967643737793,0
2916,0,4.596467018127441,1
2916,2,5.522834777832031,0
2916,1,5.573698997497559,0
3855,1,7.614519119262695,1
3855,0,7.2661333084106445,0
3855,2,7.129261016845703,0
1051,2,6.606881618499756,1
1051,1,6.833856105804443,0
1051,0,5.6738600730896,0
295,0,5.56450080871582,1
295,2,5.950643062591553,0
295,1,6.17492151260376,0
3702,2,5.805737495422363,1
3702,1,6.15700626373291,0
3702,0,5.733919620513916,0
3074,1,5.515428066253662,1
3074,0,4.598031997680664,0
3074,2,5.359337329864502,0
4007,2,5.551658630371094,1
4007,1,5.691888809204102,0
4007,0,5.626307964324951,0
606,0,6.435380935668945,1
606,1,7.296145915985107,0
606,2,6.763828277587891,0
1932,1,6.168247222900391,1
1932,2,5.906195640563965,0
1932,0,5.3525872230529785,0
3205,2,5.681811332702637,1
3205,0,5.206672668457031,0
3205,1,5.936690330505371,0
16,0,5.780550003051758,1
16,2,6.216928482055664,0
16,1,6.155917167663574,0
54,0,6.447872161865234,1
54,1,6.709713459014893,0
54,2,6.124973297119141,0
3969,2,5.974094867706299,1
3969,0,5.67780065536499,0
3969,1,6.230991840362549,0
3224,1,7.026328086853027,1
3224,2,6.989568710327148,0
3224,0,6.055244445800781,0
1567,1,7.329912185668945,1
1567,0,6.694607734680176,0
1567,2,7.042306900024414,0
3919,1,6.074324131011963,1
3919,0,5.338518142700195,0
3919,2,5.921164035797119,0
178,0,5.904710292816162,1
178,2,6.669940948486328,0
178,1,6.875177383422852,0
420,0,5.816664218902588,1
420,1,6.952012062072754,0
420,2,7.175002098083496,0
1736,1,5.848206996917725,1
1736,0,5.117719650268555,0
1736,2,5.641700744628906,0
2446,0,5.6200408935546875,1
2446,1,6.495814800262451,0
2446,2,6.301401138305664,0
3179,2,5.351407527923584,1
3179,1,5.686499118804932,0
3179,0,5.136927604675293,0
1368,1,5.138294696807861,1
1368,0,5.226263046264648,0
1368,2,5.126430988311768,0
1327,2,6.40791130065918,1
1327,0,5.699306011199951,0
1327,1,6.718374252319336,0
1882,1,6.576747417449951,1
1882,0,6.103833198547363,0
1882,2,6.4255499839782715,0
3306,2,6.391916275024414,1
3306,0,6.276498794555664,0
3306,1,6.648639678955078,0
2841,0,5.594827651977539,1
2841,1,6.240860462188721,0
2841,2,6.056160926818848,0
508,1,6.754080772399902,1
508,2,6.420085430145264,0
508,0,6.0792412757873535,0
3612,2,6.1983442306518555,1
3612,0,6.294034004211426,0
3612,1,6.436252117156982,0
962,1,6.118749141693115,1
962,2,6.114125728607178,0
962,0,5.574944496154785,0
3637,2,6.065511226654053,1
3637,0,5.860945701599121,0
3637,1,6.515467643737793,0
3432,1,5.673216819763184,1
3432,0,5.078815937042236,0
3432,2,5.0833635330200195,0
3021,1,6.270019054412842,1
3021,2,5.988016128540039,0
3021,0,5.602206707000732,0
2524,1,6.109375476837158,1
2524,0,5.609631061553955,0
2524,2,5.764750003814697,0
4025,2,5.299521446228027,1
4025,0,5.084298610687256,0
4025,1,5.425360679626465,0
3326,2,6.073173522949219,1
3326,0,5.596992015838623,0
3326,1,6.471960544586182,0
155,1,6.259232997894287,1
155,2,6.237522125244141,0
155,0,5.334277153015137,0
578,1,7.0779900550842285,1
578,2,6.830173492431641,0
578,0,6.03787088394165,0
1315,1,6.908964157104492,1
1315,0,6.3034820556640625,0
1315,2,6.91705322265625,0
4178,2,4.9046406745910645,1
4178,1,5.331465721130371,0
4178,0,4.816734790802002,0
2341,1,6.250002384185791,1
2341,2,6.02056360244751,0
2341,0,5.673489570617676,0
3788,2,5.110005855560303,1
3788,1,5.461933135986328,0
3788,0,4.422725677490234,0
1964,2,5.991363525390625,1
1964,1,6.400911331176758,0
1964,0,5.796156883239746,0
3664,1,6.262336730957031,1
3664,0,5.537568092346191,0
3664,2,5.73414421081543,0
910,2,5.524531841278076,1
910,1,5.998086929321289,0
910,0,5.749137878417969,0
121,0,6.971930027008057,1
121,1,7.622026443481445,0
121,2,7.259615421295166,0
3377,1,6.518771171569824,1
3377,0,5.928626537322998,0
3377,2,6.102992534637451,0
3120,0,5.131109237670898,1
3120,1,5.697515487670898,0
3120,2,5.482912063598633,0
895,0,4.822114944458008,1
895,1,5.515961647033691,0
895,2,5.342184066772461,0
2104,0,6.153375625610352,1
2104,2,7.269659996032715,0
2104,1,7.037040710449219,0
3321,2,5.854287147521973,1
3321,0,5.646055221557617,0
3321,1,6.293630599975586,0
2315,2,5.999661445617676,1
2315,1,6.347128868103027,0
2315,0,5.395435333251953,0
1055,0,5.520693778991699,1
1055,2,5.804445266723633,0
1055,1,6.02793550491333,0
709,2,6.575033187866211,1
709,1,6.850658416748047,0
709,0,6.47031307220459,0
504,2,5.996946811676025,1
504,0,5.789706230163574,0
504,1,6.29986572265625,0
3111,2,5.155691623687744,1
3111,0,5.045641899108887,0
3111,1,5.477063179016113,0
3688,1,6.230587482452393,1
3688,2,5.924065589904785,0
3688,0,5.760017395019531,0
3791,0,4.828500747680664,1
3791,1,5.470529556274414,0
3791,2,5.5377516746521,0
1889,2,6.255773067474365,1
1889,0,6.077247619628906,0
1889,1,6.655773162841797,0
3576,1,6.931764602661133,1
3576,2,7.023825645446777,0
3576,0,6.26426887512207,0
1427,2,6.031038284301758,1
1427,1,6.367098808288574,0
1427,0,5.755473613739014,0
1163,1,6.5444769859313965,1
1163,0,6.030631065368652,0
1163,2,6.098435878753662,0
1846,2,6.643431663513184,1
1846,0,5.963991165161133,0
1846,1,6.716518402099609,0
2743,1,5.4157819747924805,1
2743,2,5.10887336730957,0
2743,0,5.172369480133057,0
4031,2,5.662621021270752,1
4031,0,4.651477336883545,0
4031,1,5.9130778312683105,0
873,1,5.780519008636475,1
873,0,5.156451225280762,0
873,2,5.707333564758301,0
2956,0,5.242455005645752,1
2956,1,6.060852527618408,0
2956,2,5.8135552406311035,0
1521,2,4.616992950439453,1
1521,0,4.19202184677124,0
1521,1,4.862882137298584,0
2925,2,5.571659088134766,1
2925,1,6.0318474769592285,0
2925,0,5.26685094833374,0
2783,2,5.098142623901367,1
2783,0,4.9715352058410645,0
2783,1,5.545701026916504,0
3955,1,5.525323867797852,1
3955,2,5.143580436706543,0
3955,0,5.615746021270752,0
1234,0,4.773346900939941,1
1234,2,5.193804740905762,0
1234,1,5.211014270782471,0
112,1,6.1036458015441895,1
112,0,5.733184814453125,0
112,2,5.606386184692383,0
3826,1,5.815648078918457,1
3826,2,5.567458629608154,0
3826,0,5.209469318389893,0
4123,1,5.4217209815979,1
4123,0,4.633975982666016,0
4123,2,5.05654764175415,0
208,0,5.586995601654053,1
208,2,6.136313438415527,0
208,1,6.452831268310547,0
3605,1,6.303653717041016,1
3605,2,6.190275192260742,0
3605,0,5.570326805114746,0
3667,1,5.489828109741211,1
3667,0,5.25784158706665,0
3667,2,5.272988319396973,0
2844,2,6.225964546203613,1
2844,0,6.261605739593506,0
2844,1,6.559511661529541,0
2578,1,5.060187339782715,1
2578,2,4.83534049987793,0
2578,0,4.6065568923950195,0
314,0,5.5944719314575195,1
314,1,5.807875633239746,0
314,2,5.848764419555664,0
1750,0,5.571049213409424,1
1750,2,5.962160110473633,0
1750,1,6.02638053894043,0
3923,1,5.941161155700684,1
3923,0,5.3489766120910645,0
3923,2,5.91615104675293,0
3732,1,6.099442005157471,1
3732,2,5.723302841186523,0
3732,0,5.503514766693115,0
1414,0,5.889002799987793,1
1414,1,6.623044013977051,0
1414,2,6.299560546875,0
3130,2,6.079885959625244,1
3130,1,6.505528450012207,0
3130,0,5.987733840942383,0
3777,0,4.624103546142578,1
3777,1,5.564119815826416,0
3777,2,5.2517619132995605,0
3542,1,7.186595439910889,1
3542,2,6.6164727210998535,0
3542,0,6.38677978515625,0
2004,2,5.848262786865234,1
2004,0,6.1339240074157715,0
2004,1,6.251095294952393,0
2557,1,6.556003570556641,1
2557,0,5.903672218322754,0
2557,2,6.29348087310791,0
3768,2,5.47051477432251,1
3768,1,5.951808929443359,0
3768,0,5.589287757873535,0
3957,2,5.189330101013184,1
3957,0,4.777817249298096,0
3957,1,5.522634506225586,0
4113,1,5.853069305419922,1
4113,2,5.612065315246582,0
4113,0,5.355945587158203,0
2122,1,6.984927654266357,1
2122,2,6.785335540771484,0
2122,0,6.3893232345581055,0
3859,2,5.810935020446777,1
3859,0,5.980607986450195,0
3859,1,6.444155693054199,0
3743,0,4.810729026794434,1
3743,1,5.562627792358398,0
3743,2,5.319572448730469,0
200,0,6.18988037109375,1
200,2,7.2163801193237305,0
200,1,7.211915969848633,0
3110,2,5.1730828285217285,1
3110,1,5.319613933563232,0
3110,0,4.55924129486084,0
196,0,4.3284759521484375,1
196,1,5.00915002822876,0
196,2,4.779971122741699,0
3171,2,6.154088020324707,1
3171,0,5.751918315887451,0
3171,1,6.370940208435059,0
3874,2,5.593709945678711,1
3874,0,5.206821918487549,0
3874,1,5.915659427642822,0
560,2,7.301159858703613,1
560,0,6.782406330108643,0
560,1,7.363198757171631,0
240,0,6.541696071624756,1
240,2,7.143672943115234,0
240,1,7.697414875030518,0
4047,2,5.353701114654541,1
4047,0,5.4598798751831055,0
4047,1,5.861694812774658,0
1423,1,6.230282783508301,1
1423,0,5.942883491516113,0
1423,2,5.877242088317871,0
2276,0,5.935542106628418,1
2276,1,6.256789207458496,0
2276,2,5.942965984344482,0
928,0,5.827526569366455,1
928,1,6.795853614807129,0
928,2,6.645877361297607,0
29,1,7.156875133514404,1
29,0,5.89896297454834,0
29,2,7.081607818603516,0
3936,2,5.631496429443359,1
3936,1,5.853668212890625,0
3936,0,5.165606498718262,0
556,1,7.47531795501709,1
556,0,6.28714656829834,0
556,2,7.8072028160095215,0
328,2,6.859790802001953,1
328,1,6.977557182312012,0
328,0,5.9328765869140625,0
1156,0,5.730232238769531,1
1156,2,6.388996124267578,0
1156,1,6.918274879455566,0
4099,1,6.106106281280518,1
4099,2,5.763084411621094,0
4099,0,5.795027732849121,0
1821,2,6.167098045349121,1
1821,0,5.894332408905029,0
1821,1,6.5814924240112305,0
436,1,6.4622344970703125,1
436,0,5.654119491577148,0
436,2,6.314675807952881,0
964,0,4.815690040588379,1
964,1,5.7179460525512695,0
964,2,5.787330627441406,0
1727,2,6.531378746032715,1
1727,0,6.36945915222168,0
1727,1,7.0315656661987305,0
948,2,4.7174272537231445,1
948,1,5.035658359527588,0
948,0,4.5845208168029785,0
1081,2,5.607344627380371,1
1081,0,5.280066013336182,0
1081,1,5.906198024749756,0
1211,1,6.4888200759887695,1
1211,0,5.541679859161377,0
1211,2,6.128209590911865,0
2051,2,6.365077018737793,1
2051,1,6.691730976104736,0
2051,0,5.891266345977783,0
1207,2,5.800423622131348,1
1207,1,6.007495403289795,0
1207,0,5.494418144226074,0
1683,1,5.686110019683838,1
1683,2,5.484215259552002,0
1683,0,5.3178629875183105,0
3007,2,6.110276699066162,1
3007,1,6.743424892425537,0
3007,0,5.975198268890381,0
4023,1,5.806052207946777,1
4023,0,5.282304286956787,0
4023,2,5.566070079803467,0
2975,0,6.129239082336426,1
2975,2,6.514911651611328,0
2975,1,6.75913143157959,0
48,1,6.76749324798584,1
48,2,6.836153030395508,0
48,0,6.115130424499512,0
3885,1,5.921154975891113,1
3885,2,5.642221450805664,0
3885,0,5.29257345199585,0
1944,1,6.365974426269531,1
1944,2,6.143589973449707,0
1944,0,5.775730609893799,0
1519,2,6.824889659881592,1
1519,0,6.48416805267334,0
1519,1,7.209260940551758,0
3000,1,5.672295570373535,1
3000,0,5.140560150146484,0
3000,2,5.4173173904418945,0
3794,1,5.758647918701172,1
3794,0,5.234485626220703,0
3794,2,5.369756698608398,0
2262,1,6.8626885414123535,1
2262,0,5.925651550292969,0
2262,2,6.465851783752441,0
956,0,6.320294380187988,1
956,1,7.432485580444336,0
956,2,7.505423069000244,0
2036,2,7.969977855682373,1
2036,0,7.063762664794922,0
2036,1,7.87537956237793,0
586,1,7.131545066833496,1
586,0,6.353370666503906,0
586,2,7.138051509857178,0
2904,1,6.323477745056152,1
2904,2,5.820580005645752,0
2904,0,5.355848789215088,0
3032,2,7.162542343139648,1
3032,1,7.051175117492676,0
3032,0,6.508058547973633,0
3543,2,4.884914875030518,1
3543,1,5.253588676452637,0
3543,0,4.78455114364624,0
1909,2,6.104625701904297,1
1909,1,6.306483268737793,0
1909,0,5.8618316650390625,0
3151,2,6.1783037185668945,1
3151,0,6.249980926513672,0
3151,1,6.65609073638916,0
3990,1,6.066413879394531,1
3990,0,5.220028400421143,0
3990,2,5.660343170166016,0
1783,2,7.715112686157227,1
1783,1,7.473040580749512,0
1783,0,6.288073539733887,0
666,1,6.277223587036133,1
666,2,6.031038284301758,0
666,0,5.759331703186035,0
2728,2,6.873263835906982,1
2728,0,5.965314865112305,0
2728,1,7.117972373962402,0
779,1,6.729067802429199,1
779,2,6.166217803955078,0
779,0,6.201110363006592,0
2323,2,5.696592330932617,1
2323,0,5.861291885375977,0
2323,1,6.09127140045166,0
1845,1,6.281621932983398,1
1845,2,6.007374286651611,0
1845,0,5.726324558258057,0
2944,1,6.4730305671691895,1
2944,2,6.036545276641846,0
2944,0,5.517248153686523,0
1191,2,6.112529754638672,1
1191,1,6.73765754699707,0
1191,0,6.073090553283691,0
4041,2,6.121887683868408,1
4041,1,6.311752796173096,0
4041,0,5.862894058227539,0
1157,2,6.436638832092285,1
1157,0,5.5290303230285645,0
1157,1,6.663571834564209,0
1863,2,5.8853440284729,1
1863,0,5.641135215759277,0
1863,1,6.369544506072998,0
4147,1,6.240566730499268,1
4147,2,5.716897964477539,0
4147,0,5.521724700927734,0
1068,0,6.502621173858643,1
1068,2,6.89426326751709,0
1068,1,7.387990951538086,0
2027,1,5.620462894439697,1
2027,0,5.149748802185059,0
2027,2,5.498876094818115,0
1622,2,5.94548225402832,1
1622,0,5.497702598571777,0
1622,1,6.442666053771973,0
3902,1,5.804740905761719,1
3902,0,5.198504447937012,0
3902,2,5.5996012687683105,0
3914,2,5.910914897918701,1
3914,1,6.242397308349609,0
3914,0,5.280243873596191,0
346,0,5.986508369445801,1
346,1,7.016438961029053,0
346,2,6.624105453491211,0
2592,1,6.417386054992676,1
2592,2,5.968838691711426,0
2592,0,5.525566101074219,0
1114,1,5.944957733154297,1
1114,0,5.035920143127441,0
1114,2,5.668004989624023,0
4163,2,5.206494331359863,1
4163,0,4.77325439453125,0
4163,1,5.531913757324219,0
1741,1,5.659241676330566,1
1741,2,5.609707832336426,0
1741,0,5.3176116943359375,0
542,0,6.499582767486572,1
542,1,7.3247480392456055,0
542,2,7.587921142578125,0
973,1,6.122989654541016,1
973,2,5.922111988067627,0
973,0,5.431756973266602,0
422,2,6.628204345703125,1
422,0,5.379128932952881,0
422,1,6.744342803955078,0
1464,2,5.5132036209106445,1
1464,0,5.048490524291992,0
1464,1,5.664223670959473,0
1130,2,6.073616027832031,1
1130,1,6.309321880340576,0
1130,0,5.521395683288574,0
4174,0,5.664346218109131,1
4174,2,5.5442352294921875,0
4174,1,5.942899703979492,0
986,1,8.39643669128418,1
986,0,7.35993766784668,0
986,2,8.427216529846191,0
2158,1,6.463059425354004,1
2158,0,5.7288818359375,0
2158,2,6.043673515319824,0
3204,0,5.35377311706543,1
3204,2,5.531185150146484,0
3204,1,5.701543807983398,0
677,0,5.2301859855651855,1
677,1,5.850369453430176,0
677,2,5.72834587097168,0
3122,1,6.339417457580566,1
3122,0,5.5477681159973145,0
3122,2,6.068742275238037,0
3672,2,6.434536457061768,1
3672,1,6.7904486656188965,0
3672,0,5.895041465759277,0
3890,1,5.699013710021973,1
3890,2,5.211699962615967,0
3890,0,5.130887031555176,0
1415,1,7.613703727722168,1
1415,0,6.454399585723877,0
1415,2,7.218009948730469,0
268,2,7.499866485595703,1
268,1,7.128408908843994,0
268,0,5.714224815368652,0
2760,1,6.352229595184326,1
2760,2,5.947365760803223,0
2760,0,5.407081127166748,0
2395,2,5.834309101104736,1
2395,1,6.27325963973999,0
2395,0,5.493005752563477,0
254,0,5.855639457702637,1
254,2,6.147724151611328,0
254,1,6.454779624938965,0
641,0,6.075887203216553,1
641,1,6.7673163414001465,0
641,2,6.847398281097412,0
2116,1,6.713725566864014,1
2116,2,6.671158313751221,0
2116,0,5.941997051239014,0
3649,1,5.774327754974365,1
3649,2,5.587907314300537,0
3649,0,5.250908374786377,0
547,0,5.36666202545166,1
547,2,6.003325462341309,0
547,1,6.436110496520996,0
282,2,6.783581733703613,1
282,0,5.391520023345947,0
282,1,6.777988910675049,0
3657,2,5.38743257522583,1
3657,0,5.1328349113464355,0
3657,1,5.748692512512207,0
2802,0,5.114700794219971,1
2802,1,5.286061763763428,0
2802,2,5.149930000305176,0
2675,2,6.835142135620117,1
2675,0,5.906713485717773,0
2675,1,7.218691349029541,0
517,0,5.321386337280273,1
517,1,6.496297836303711,0
517,2,6.859008312225342,0
3561,1,6.315665245056152,1
3561,2,5.803675174713135,0
3561,0,5.600992202758789,0
2404,2,5.457555770874023,1
2404,0,4.730334758758545,0
2404,1,5.666558265686035,0
3873,1,5.925083637237549,1
3873,0,5.627608299255371,0
3873,2,5.554708480834961,0
2687,2,5.514257431030273,1
2687,1,5.708588123321533,0
2687,0,5.369082927703857,0
1606,1,6.612725734710693,1
1606,2,6.26108455657959,0
1606,0,5.2682785987854,0
302,0,5.581902503967285,1
302,2,6.2923736572265625,0
302,1,6.462813377380371,0
1755,1,5.932209014892578,1
1755,0,5.7020769119262695,0
1755,2,5.672183513641357,0
2784,1,5.3430328369140625,1
2784,0,4.624608993530273,0
2784,2,5.177035808563232,0
127,0,5.169156551361084,1
127,2,5.538978576660156,0
127,1,5.7845988273620605,0
1087,0,4.687004089355469,1
1087,1,5.429198265075684,0
1087,2,5.005934715270996,0
34,1,6.035845756530762,1
34,2,5.863431930541992,0
34,0,5.1229705810546875,0
1043,0,5.140120029449463,1
1043,1,6.111342906951904,0
1043,2,5.867786407470703,0
1482,1,6.620002746582031,1
1482,2,6.421731948852539,0
1482,0,5.952866554260254,0
2680,2,5.521982192993164,1
2680,1,5.645177364349365,0
2680,0,4.804507255554199,0
1917,1,5.319261074066162,1
1917,2,5.064796447753906,0
1917,0,5.1658782958984375,0
1697,0,6.30018424987793,1
1697,2,6.205228805541992,0
1697,1,6.5152363777160645,0
1772,1,6.295679569244385,1
1772,0,5.944561004638672,0
1772,2,5.887984275817871,0
3336,2,5.416111469268799,1
3336,0,5.0313568115234375,0
3336,1,5.881026268005371,0
503,1,6.691214084625244,1
503,0,5.822262763977051,0
503,2,6.2220234870910645,0
810,2,6.400279521942139,1
810,1,6.821982383728027,0
810,0,6.31932258605957,0
101,1,6.510178565979004,1
101,0,5.915393829345703,0
101,2,6.718137741088867,0
537,0,5.263849258422852,1
537,1,6.074716567993164,0
537,2,5.801990509033203,0
2138,1,6.9443230628967285,1
2138,2,6.8491363525390625,0
2138,0,6.43575382232666,0
3760,2,5.729457378387451,1
3760,1,5.934952735900879,0
3760,0,5.13214111328125,0
1779,1,6.342449188232422,1
1779,2,6.195808410644531,0
1779,0,5.433573246002197,0
4139,2,5.3459882736206055,1
4139,0,4.733184814453125,0
4139,1,5.391116619110107,0
1607,0,5.367835521697998,1
1607,2,5.58273983001709,0
1607,1,5.6705322265625,0
3689,1,6.5304412841796875,1
3689,2,6.078823566436768,0
3689,0,5.912225723266602,0
2382,1,6.660050392150879,1
2382,0,5.675861358642578,0
2382,2,6.340271949768066,0
623,2,5.451325416564941,1
623,1,5.831328392028809,0
623,0,5.374241352081299,0
2612,1,6.230332374572754,1
2612,0,5.311974048614502,0
2612,2,5.875002384185791,0
3185,1,5.814841270446777,1
3185,0,5.283363342285156,0
3185,2,5.694906711578369,0
3123,0,6.216397285461426,1
3123,2,6.073172569274902,0
3123,1,6.525176525115967,0
1202,0,5.832791328430176,1
1202,1,6.670249938964844,0
1202,2,6.3418474197387695,0
710,1,5.425772666931152,1
710,0,5.09581995010376,0
710,2,5.281886577606201,0
977,2,6.185084819793701,1
977,0,6.037831783294678,0
977,1,6.20277738571167,0
2895,2,4.952593803405762,1
2895,1,5.241293430328369,0
2895,0,5.224649906158447,0
2218,1,5.182117462158203,1
2218,0,4.379177570343018,0
2218,2,5.137114524841309,0
2734,0,5.70081090927124,1
2734,1,6.411769390106201,0
2734,2,6.067061901092529,0
1626,1,6.961504936218262,1
1626,0,6.2172698974609375,0
1626,2,6.667783260345459,0
616,0,5.115164279937744,1
616,1,6.149999618530273,0
616,2,5.936402320861816,0
4057,1,6.645484924316406,1
4057,2,6.232906341552734,0
4057,0,6.019123554229736,0
3776,1,5.965497016906738,1
3776,2,5.606288909912109,0
3776,0,5.417931079864502,0
1803,0,5.017736434936523,1
1803,2,5.409409523010254,0
1803,1,5.61622428894043,0
74,0,4.591035842895508,1
74,1,5.150941371917725,0
74,2,5.171673774719238,0
2399,2,5.490872859954834,1
2399,0,4.6560187339782715,0
2399,1,5.766148567199707,0
2403,2,5.706026554107666,1
2403,0,5.539738178253174,0
2403,1,6.082423686981201,0
1520,1,7.0296502113342285,1
1520,0,5.987864971160889,0
1520,2,7.125357151031494,0
1593,0,5.573315143585205,1
1593,2,5.8914289474487305,0
1593,1,6.215609073638916,0
3749,2,6.808229923248291,1
3749,0,5.841228008270264,0
3749,1,6.914548397064209,0
1529,2,7.408076286315918,1
1529,0,6.686738967895508,0
1529,1,7.619871616363525,0
2233,2,5.994716644287109,1
2233,0,5.180361270904541,0
2233,1,6.226108551025391,0
1595,0,5.916965961456299,1
1595,1,6.997321605682373,0
1595,2,6.548308849334717,0
451,1,6.586957931518555,1
451,0,5.631068229675293,0
451,2,6.287747383117676,0
3435,1,6.610358238220215,1
3435,2,6.073901176452637,0
3435,0,5.688535690307617,0
1604,1,5.881170272827148,1
1604,2,5.600883483886719,0
1604,0,5.203280448913574,0
315,2,7.2386474609375,1
315,1,7.29577112197876,0
315,0,6.622112274169922,0
2115,0,5.044853687286377,1
2115,1,5.911659240722656,0
2115,2,5.745280742645264,0
790,0,5.335204601287842,1
790,2,5.502160549163818,0
790,1,5.976194381713867,0
2697,2,5.569021224975586,1
2697,0,5.208143711090088,0
2697,1,5.892763614654541,0
2871,1,5.961002349853516,1
2871,0,5.15509033203125,0
2871,2,5.688192844390869,0
2334,1,5.358521938323975,1
2334,2,5.103419303894043,0
2334,0,4.576516628265381,0
2752,1,5.837329864501953,1
2752,0,5.044806957244873,0
2752,2,5.476752758026123,0
1027,0,6.291658401489258,1
1027,1,7.246811389923096,0
1027,2,6.681891441345215,0
224,1,5.700986862182617,1
224,2,5.319401741027832,0
224,0,4.611701965332031,0
1429,0,5.476595878601074,1
1429,2,6.225014686584473,0
1429,1,6.525834560394287,0
3759,1,6.358527183532715,1
3759,2,5.624464511871338,0
3759,0,5.729071617126465,0
2461,2,5.69085693359375,1
2461,0,5.939239501953125,0
2461,1,6.051519393920898,0
2798,2,6.412144660949707,1
2798,0,6.473024845123291,0
2798,1,6.790468215942383,0
3258,1,6.452200412750244,1
3258,0,5.846235752105713,0
3258,2,6.290049076080322,0
4036,1,6.403219223022461,1
4036,0,5.473674774169922,0
4036,2,6.0944061279296875,0
543,0,5.454216957092285,1
543,2,5.954792022705078,0
543,1,6.470857620239258,0
2012,0,5.910769939422607,1
2012,2,6.10753870010376,0
2012,1,6.2812089920043945,0
210,2,4.9508137702941895,1
210,1,5.530737400054932,0
210,0,4.866864204406738,0
1680,2,6.832043647766113,1
1680,1,6.9726457595825195,0
1680,0,5.6010422706604,0
3184,2,6.423226356506348,1
3184,1,6.644699573516846,0
3184,0,5.936941623687744,0
2430,2,5.808960437774658,1
2430,0,5.269292831420898,0
2430,1,5.978549957275391,0
1938,2,5.718982696533203,1
1938,0,5.152279376983643,0
1938,1,5.9358906745910645,0
365,1,5.275485992431641,1
365,0,4.495059013366699,0
365,2,4.968042850494385,0
2801,0,5.0055341720581055,1
2801,1,5.760146617889404,0
2801,2,5.4583330154418945,0
3438,0,5.718741416931152,1
3438,1,5.937190055847168,0
3438,2,5.727551460266113,0
3770,1,6.205131530761719,1
3770,0,5.549868583679199,0
3770,2,5.9274163246154785,0
2711,1,6.379376411437988,1
2711,0,5.252493858337402,0
2711,2,5.883861064910889,0
2602,2,5.760784149169922,1
2602,1,5.88657808303833,0
2602,0,5.053108215332031,0
931,2,7.146515846252441,1
931,0,6.075409889221191,0
931,1,7.019887447357178,0
1597,2,5.311550617218018,1
1597,1,5.690451145172119,0
1597,0,4.845876693725586,0
2741,0,5.21164083480835,1
2741,1,5.019647598266602,0
2741,2,4.853233814239502,0
2912,1,5.751729965209961,1
2912,2,5.438986778259277,0
2912,0,5.107306480407715,0
2649,2,6.875883102416992,1
2649,0,6.364965915679932,0
2649,1,6.963870525360107,0
3065,2,5.380376815795898,1
3065,1,5.734964370727539,0
3065,0,5.381035804748535,0
225,0,5.889580726623535,1
225,2,6.343815803527832,0
225,1,6.801628589630127,0
2554,0,5.476126194000244,1
2554,1,5.714454650878906,0
2554,2,5.492880821228027,0
2394,1,6.25992488861084,1
2394,0,5.533454895019531,0
2394,2,5.816867828369141,0
1918,2,5.937139987945557,1
1918,1,6.069061279296875,0
1918,0,5.146240711212158,0
2997,2,6.209794998168945,1
2997,1,6.730508327484131,0
2997,0,6.590847015380859,0
1448,2,6.483997344970703,1
1448,0,5.8835601806640625,0
1448,1,6.787534236907959,0
529,2,7.307349681854248,1
529,0,6.6389923095703125,0
529,1,7.540523529052734,0
1962,2,7.265080451965332,1
1962,1,7.680516242980957,0
1962,0,6.589317321777344,0
3127,1,6.313472747802734,1
3127,0,5.79118537902832,0
3127,2,6.078331470489502,0
2647,2,5.914311408996582,1
2647,0,5.429765701293945,0
2647,1,6.038387298583984,0
2431,2,5.860969066619873,1
2431,0,5.52846097946167,0
2431,1,6.303182125091553,0
2698,1,7.0937418937683105,1
2698,2,6.399508953094482,0
2698,0,6.653936386108398,0
940,2,6.626954078674316,1
940,0,5.941263198852539,0
940,1,7.012185096740723,0
157,1,5.801506996154785,1
157,2,5.34565544128418,0
157,0,5.406599998474121,0
3361,2,5.610467910766602,1
3361,0,5.1205735206604,0
3361,1,5.93314266204834,0
655,0,5.399252891540527,1
655,2,5.948775291442871,0
655,1,6.232051849365234,0
2688,1,5.582417011260986,1
2688,0,4.936108112335205,0
2688,2,5.291471004486084,0
400,1,7.084105491638184,1
400,0,6.262739181518555,0
400,2,6.900362968444824,0
3022,2,6.451147079467773,1
3022,0,5.337298393249512,0
3022,1,6.477072238922119,0
3596,1,5.325755596160889,1
3596,2,5.147975921630859,0
3596,0,4.753398418426514,0
3775,1,5.683773994445801,1
3775,2,5.123046875,0
3775,0,4.8284831047058105,0
3510,2,5.788730621337891,1
3510,1,5.985637187957764,0
3510,0,5.555541515350342,0
1891,2,5.689776420593262,1
1891,1,6.153448104858398,0
1891,0,5.5701422691345215,0
2336,2,5.472665309906006,1
2336,0,4.70710563659668,0
2336,1,5.514228343963623,0
2674,1,5.809703826904297,1
2674,0,5.563764572143555,0
2674,2,5.595195770263672,0
307,1,6.74717378616333,1
307,2,6.8170928955078125,0
307,0,5.464804649353027,0
1172,0,4.910082817077637,1
1172,2,5.886573314666748,0
1172,1,5.871378421783447,0
408,2,6.585262298583984,1
408,1,6.86004114151001,0
408,0,5.851248264312744,0
1947,2,6.029627323150635,1
1947,0,5.909273147583008,0
1947,1,6.413143157958984,0
842,1,6.77473258972168,1
842,0,6.268922805786133,0
842,2,6.600043296813965,0
216,0,4.570402145385742,1
216,1,5.600808620452881,0
216,2,5.557316780090332,0
3071,0,5.2907562255859375,1
3071,1,5.729042053222656,0
3071,2,5.560129642486572,0
3014,2,5.974987030029297,1
3014,0,5.743903160095215,0
3014,1,6.5647873878479,0
2692,1,7.069746017456055,1
2692,0,6.50302267074585,0
2692,2,6.813816070556641,0
321,0,5.713176250457764,1
321,2,5.393044471740723,0
321,1,5.927095413208008,0
3242,0,4.929467678070068,1
3242,1,5.694514751434326,0
3242,2,5.425959587097168,0
2212,1,5.6159987449646,1
2212,2,5.398541450500488,0
2212,0,5.115022659301758,0
3879,1,5.894163608551025,1
3879,2,5.417266845703125,0
3879,0,5.37651252746582,0
1527,2,6.350014686584473,1
1527,0,5.623256206512451,0
1527,1,6.624942779541016,0
841,0,6.00584602355957,1
841,1,6.792966842651367,0
841,2,6.30748176574707,0
3642,2,5.571053504943848,1
3642,0,5.3983964920043945,0
3642,1,6.277018070220947,0
469,0,5.53952693939209,1
469,2,5.822225570678711,0
469,1,6.006377220153809,0
752,0,6.561092853546143,1
752,2,7.1591033935546875,0
752,1,7.4761128425598145,0
2159,1,5.939910411834717,1
2159,0,5.059534072875977,0
2159,2,5.803967475891113,0
653,2,6.693696022033691,1
653,0,6.235450267791748,0
653,1,6.938029766082764,0
3497,1,6.0204620361328125,1
3497,0,4.601224899291992,0
3497,2,6.138212203979492,0
1573,1,6.1715922355651855,1
1573,0,5.747675895690918,0
1573,2,5.997762203216553,0
995,0,4.323726177215576,1
995,1,4.655442714691162,0
995,2,4.403744220733643,0
1465,2,6.008013725280762,1
1465,1,6.443548202514648,0
1465,0,5.678086757659912,0
2933,1,6.951408386230469,1
2933,0,5.689464569091797,0
2933,2,7.144895076751709,0
1931,1,6.310482025146484,1
1931,2,5.9349517822265625,0
1931,0,5.453004837036133,0
1399,2,6.0844407081604,1
1399,1,6.147747039794922,0
1399,0,5.531975746154785,0
3989,1,5.926394939422607,1
3989,0,4.956413269042969,0
3989,2,5.711637020111084,0
593,0,5.36101770401001,1
593,2,6.297964572906494,0
593,1,6.3885273933410645,0
91,0,5.0240654945373535,1
91,1,5.981350898742676,0
91,2,5.801080226898193,0
1987,1,6.289346218109131,1
1987,0,5.720738410949707,0
1987,2,6.2150468826293945,0
1216,0,5.409176349639893,1
1216,1,6.124114513397217,0
1216,2,6.247790336608887,0
2562,0,5.621855735778809,1
2562,2,5.546978950500488,0
2562,1,5.869554042816162,0
2861,1,6.021891117095947,1
2861,2,5.752567291259766,0
2861,0,5.435422420501709,0
3209,2,5.543102741241455,1
3209,0,4.985940456390381,0
3209,1,5.802604675292969,0
1936,1,6.340021133422852,1
1936,0,5.889768123626709,0
1936,2,5.810502052307129,0
3977,2,5.6862640380859375,1
3977,0,5.4984636306762695,0
3977,1,6.092925071716309,0
3709,1,5.818816184997559,1
3709,0,4.935502052307129,0
3709,2,5.454196929931641,0
3488,1,5.524539470672607,1
3488,2,5.192322731018066,0
3488,0,4.810450077056885,0
1776,2,6.691982746124268,1
1776,1,7.007028579711914,0
1776,0,6.532251358032227,0
535,1,6.485240459442139,1
535,2,5.78065299987793,0
535,0,5.505830764770508,0
887,0,5.467100143432617,1
887,2,5.78779411315918,0
887,1,6.121216773986816,0
2106,1,6.501753330230713,1
2106,2,6.124523639678955,0
2106,0,6.089419364929199,0
2169,2,5.4659342765808105,1
2169,1,5.722499370574951,0
2169,0,5.783682823181152,0
3867,2,6.101588249206543,1
3867,1,6.431569576263428,0
3867,0,5.750063419342041,0
3493,2,5.619924545288086,1
3493,0,5.1941142082214355,0
3493,1,5.841911792755127,0
603,2,7.097274303436279,1
603,1,7.144039630889893,0
603,0,5.899534225463867,0
2556,2,7.0383076667785645,1
2556,1,7.367970943450928,0
2556,0,6.961129665374756,0
1638,2,6.65235710144043,1
1638,0,5.611199378967285,0
1638,1,6.638172626495361,0
246,0,5.935160160064697,1
246,1,6.703988075256348,0
246,2,6.428255081176758,0
1775,2,5.763986587524414,1
1775,0,5.557210922241211,0
1775,1,6.294727325439453,0
4040,2,5.882309913635254,1
4040,1,6.366907119750977,0
4040,0,5.969123363494873,0
3733,2,5.739825248718262,1
3733,0,5.039968013763428,0
3733,1,5.955056667327881,0
414,0,5.972081661224365,1
414,1,6.975683689117432,0
414,2,6.308538436889648,0
630,0,6.149957180023193,1
630,1,6.377542018890381,0
630,2,6.012816429138184,0
1718,1,6.398472785949707,1
1718,2,6.0458598136901855,0
1718,0,5.626473903656006,0
2379,2,6.047610282897949,1
2379,0,5.562670707702637,0
2379,1,6.271757125854492,0
73,0,6.074676513671875,1
73,2,6.111203193664551,0
73,1,6.512070178985596,0
898,0,5.748719692230225,1
898,2,5.907617092132568,0
898,1,6.322601795196533,0
1014,0,5.592938423156738,1
1014,2,6.64096212387085,0
1014,1,6.681933879852295,0
3385,0,5.393840789794922,1
3385,1,6.568037033081055,0
3385,2,6.397963523864746,0
649,1,7.275348663330078,1
649,2,6.891787528991699,0
649,0,6.586994171142578,0
1946,2,6.806182384490967,1
1946,0,5.943918228149414,0
1946,1,7.004865646362305,0
3981,2,5.783663272857666,1
3981,0,5.4056010246276855,0
3981,1,5.824416160583496,0
809,0,5.456272125244141,1
809,2,6.071114540100098,0
809,1,6.417823791503906,0
2008,1,6.697145462036133,1
2008,2,6.3812255859375,0
2008,0,6.039305686950684,0
2694,1,6.362086772918701,1
2694,0,5.5768723487854,0
2694,2,6.20692777633667,0
3327,1,5.9793877601623535,1
3327,2,5.6017045974731445,0
3327,0,5.240599632263184,0
3268,2,6.468449115753174,1
3268,0,5.76354455947876,0
3268,1,6.766408920288086,0
2493,0,4.964667320251465,1
2493,2,5.019092559814453,0
2493,1,5.339203834533691,0
1039,1,6.636609077453613,1
1039,2,6.320000648498535,0
1039,0,5.868699073791504,0
711,2,5.871092796325684,1
711,1,6.156922340393066,0
711,0,5.483208656311035,0
3118,2,5.734842300415039,1
3118,1,6.194694995880127,0
3118,0,5.524077415466309,0
2388,2,7.11110782623291,1
2388,0,6.062470436096191,0
2388,1,7.043933391571045,0
1887,1,6.378169536590576,1
1887,0,5.438406944274902,0
1887,2,6.304637908935547,0
1720,1,5.120266437530518,1
1720,2,5.118570804595947,0
1720,0,4.899994850158691,0
1968,0,5.4400105476379395,1
1968,1,5.722860813140869,0
1968,2,5.542032241821289,0
384,0,4.560405731201172,1
384,1,5.624827861785889,0
384,2,5.437910079956055,0
1404,1,6.096660614013672,1
1404,0,5.139711380004883,0
1404,2,6.014758586883545,0
3538,1,5.7250566482543945,1
3538,2,5.2728071212768555,0
3538,0,5.273944854736328,0
839,2,7.300702095031738,1
839,0,6.561527729034424,0
839,1,7.651682376861572,0
221,0,5.736721515655518,1
221,2,6.307604789733887,0
221,1,6.281740188598633,0
212,0,5.870052337646484,1
212,1,6.186946868896484,0
212,2,5.804372310638428,0
3148,0,5.882396697998047,1
3148,2,5.97117280960083,0
3148,1,6.356856346130371,0
3331,2,5.915740489959717,1
3331,1,6.410554885864258,0
3331,0,6.104224681854248,0
693,2,5.78729248046875,1
693,0,5.8197340965271,0
693,1,6.097537994384766,0
2285,2,6.026514530181885,1
2285,1,6.146851539611816,0
2285,0,5.15175199508667,0
2588,1,6.025763988494873,1
2588,0,4.973603248596191,0
2588,2,5.437021732330322,0
453,0,4.503482341766357,1
453,1,5.888080596923828,0
453,2,6.155178070068359,0
913,2,6.242227554321289,1
913,0,6.084603309631348,0
913,1,6.557253837585449,0
1965,1,6.619117259979248,1
1965,0,5.849852085113525,0
1965,2,6.170452117919922,0
1494,2,6.486431121826172,1
1494,0,6.151125907897949,0
1494,1,6.7855424880981445,0
3651,0,5.273221492767334,1
3651,1,5.557549953460693,0
3651,2,5.098226070404053,0
3739,2,6.564360618591309,1
3739,1,6.9680891036987305,0
3739,0,6.381363868713379,0
2626,1,6.57053279876709,1
2626,0,6.010058879852295,0
2626,2,6.295115947723389,0
1139,2,6.572348594665527,1
1139,1,7.028892993927002,0
1139,0,5.825321674346924,0
82,0,5.156128883361816,1
82,1,5.881295680999756,0
82,2,5.682239055633545,0
3713,2,5.415816783905029,1
3713,0,5.358920097351074,0
3713,1,5.824641227722168,0
2137,2,6.190720081329346,1
2137,0,5.8651227951049805,0
2137,1,6.56600284576416,0
3946,2,5.867706775665283,1
3946,0,5.97352409362793,0
3946,1,6.306778907775879,0
2038,0,5.195398330688477,1
2038,2,5.440671920776367,0
2038,1,5.560110092163086,0
10,0,5.163692951202393,1
10,2,5.399702548980713,0
10,1,5.5588860511779785,0
122,0,5.300295829772949,1
122,2,5.452993392944336,0
122,1,5.547302722930908,0
2936,2,5.321242809295654,1
2936,1,5.770605087280273,0
2936,0,5.080903053283691,0
291,1,6.318685531616211,1
291,0,5.475823879241943,0
291,2,6.108673095703125,0
2405,2,5.376804828643799,1
2405,1,5.562257289886475,0
2405,0,5.171640396118164,0
1732,2,6.223643779754639,1
1732,1,6.446908950805664,0
1732,0,5.574997425079346,0
1542,0,5.2239837646484375,1
1542,1,5.531583786010742,0
1542,2,5.379393577575684,0
1770,2,6.120687484741211,1
1770,1,6.631799697875977,0
1770,0,5.7487640380859375,0
1952,2,5.4856767654418945,1
1952,1,5.833629608154297,0
1952,0,5.095330238342285,0
2476,2,7.358588695526123,1
2476,1,7.552720546722412,0
2476,0,6.829182147979736,0
3193,1,5.831445217132568,1
3193,2,5.521292686462402,0
3193,0,5.266359806060791,0
2662,2,5.709366321563721,1
2662,1,5.9565863609313965,0
2662,0,5.213327884674072,0
2981,2,4.677324295043945,1
2981,0,4.821953773498535,0
2981,1,4.863307952880859,0
4016,2,5.457207202911377,1
4016,0,5.099206447601318,0
4016,1,5.676885604858398,0
2490,2,6.034604549407959,1
2490,0,5.646873474121094,0
2490,1,6.3148627281188965,0
243,0,5.584015846252441,1
243,2,6.316112518310547,0
243,1,6.359776496887207,0
2671,2,5.636865615844727,1
2671,1,5.872768878936768,0
2671,0,5.203171253204346,0
2193,0,5.587841510772705,1
2193,2,5.773931503295898,0
2193,1,6.561084270477295,0
1614,1,6.5297698974609375,1
1614,2,6.22690486907959,0
1614,0,5.950729846954346,0
2620,2,5.57181978225708,1
2620,0,5.469080924987793,0
2620,1,5.880728721618652,0
3047,2,6.39442253112793,1
3047,0,5.986884117126465,0
3047,1,6.660564422607422,0
3290,2,6.122822284698486,1
3290,1,6.4071478843688965,0
3290,0,5.582589149475098,0
3442,2,5.348998069763184,1
3442,0,5.203540325164795,0
3442,1,5.760766506195068,0
1289,0,5.6541523933410645,1
1289,2,6.289114952087402,0
1289,1,6.625674247741699,0
1583,1,6.758923530578613,1
1583,0,6.112697601318359,0
1583,2,6.464853286743164,0
1904,1,5.666136741638184,1
1904,2,5.403576850891113,0
1904,0,5.048340797424316,0
3422,1,5.997190475463867,1
3422,0,5.483403205871582,0
3422,2,5.610775947570801,0
716,2,6.6012725830078125,1
716,1,6.330589294433594,0
716,0,5.2067413330078125,0
3480,0,5.363018035888672,1
3480,1,6.135165691375732,0
3480,2,5.88207483291626,0
3678,0,5.128628253936768,1
3678,1,5.8555450439453125,0
3678,2,5.718282222747803,0
1561,1,7.057318687438965,1
1561,0,6.24839973449707,0
1561,2,6.8952178955078125,0
2407,2,7.189469337463379,1
2407,0,6.222502708435059,0
2407,1,7.18740177154541,0
1677,0,4.852729320526123,1
1677,2,6.106570243835449,0
1677,1,6.0742998123168945,0
3896,2,5.6215596199035645,1
3896,0,5.270606994628906,0
3896,1,5.839869976043701,0
3724,2,5.179400444030762,1
3724,1,5.779590129852295,0
3724,0,5.6268310546875,0
3519,2,6.171313285827637,1
3519,0,5.34867525100708,0
3519,1,6.171355247497559,0
3623,2,6.1827921867370605,1
3623,1,6.593696117401123,0
3623,0,5.8912353515625,0
1460,1,5.683591842651367,1
1460,0,5.0938920974731445,0
1460,2,5.503993511199951,0
1119,2,5.4407572746276855,1
1119,1,5.814425468444824,0
1119,0,5.239577293395996,0
2786,1,6.123215675354004,1
2786,2,5.651749134063721,0
2786,0,5.454106330871582,0
1996,1,6.809315204620361,1
1996,2,6.6377692222595215,0
1996,0,6.112389087677002,0
3038,1,6.5985870361328125,1
3038,2,6.1690449714660645,0
3038,0,5.791392803192139,0
2390,2,5.4075117111206055,1
2390,0,5.033598899841309,0
2390,1,5.653373718261719,0
3779,0,5.137737274169922,1
3779,2,5.829718589782715,0
3779,1,6.0100417137146,0
2559,0,5.399759292602539,1
2559,2,5.434928894042969,0
2559,1,5.8373565673828125,0
3059,2,6.64852237701416,1
3059,1,7.120693206787109,0
3059,0,6.593691825866699,0
1532,2,6.814648151397705,1
1532,1,6.427319049835205,0
1532,0,5.469825267791748,0
2907,0,5.3791913986206055,1
2907,2,5.376440525054932,0
2907,1,5.7452216148376465,0
3602,2,5.678359508514404,1
3602,0,5.300516605377197,0
3602,1,6.027570724487305,0
532,0,5.616776943206787,1
532,2,5.884683132171631,0
532,1,6.256309986114502,0
1333,0,5.062788009643555,1
1333,2,5.104482173919678,0
1333,1,5.465146064758301,0
2317,1,7.265462875366211,1
2317,2,6.658646583557129,0
2317,0,6.507448196411133,0
1551,0,5.860080718994141,1
1551,1,6.766097068786621,0
1551,2,6.279991626739502,0
4131,1,6.427346706390381,1
4131,2,5.936980724334717,0
4131,0,5.967463493347168,0
4127,1,6.162940502166748,1
4127,2,5.711810111999512,0
4127,0,5.3718366622924805,0
1873,1,5.064993381500244,1
1873,0,5.064668655395508,0
1873,2,4.889667510986328,0
2618,1,6.085953712463379,1
2618,0,5.234600067138672,0
2618,2,5.610828399658203,0
245,0,5.879103660583496,1
245,1,6.5916032791137695,0
245,2,6.3712158203125,0
161,1,6.557754993438721,1
161,0,5.8243865966796875,0
161,2,6.164811134338379,0
804,2,6.343826770782471,1
804,1,6.2803473472595215,0
804,0,5.598727226257324,0
2267,1,6.725959777832031,1
2267,2,6.537567138671875,0
2267,0,5.938431739807129,0
2081,2,5.9945220947265625,1
2081,0,5.493750095367432,0
2081,1,6.282003879547119,0
1762,1,5.58853816986084,1
1762,0,5.107152462005615,0
1762,2,5.304730415344238,0
3060,1,6.179640769958496,1
3060,0,5.837073802947998,0
3060,2,5.929544925689697,0
1280,1,6.643993377685547,1
1280,0,5.369460582733154,0
1280,2,6.257960319519043,0
1328,0,5.556119441986084,1
1328,1,6.081216335296631,0
1328,2,5.838562965393066,0
1340,2,6.480860233306885,1
1340,0,5.622864723205566,0
1340,1,6.711899280548096,0
2508,2,6.207523822784424,1
2508,0,4.820922374725342,0
2508,1,6.208830833435059,0
1966,1,6.416665554046631,1
1966,2,6.021803379058838,0
1966,0,5.816249370574951,0
3577,0,5.46293830871582,1
3577,2,5.923612594604492,0
3577,1,6.180172443389893,0
2622,2,5.5717573165893555,1
2622,0,5.521858215332031,0
2622,1,5.7385573387146,0
184,0,5.747278213500977,1
184,1,6.892578125,0
184,2,6.813319683074951,0
3219,1,6.362462520599365,1
3219,0,5.986196041107178,0
3219,2,6.1974592208862305,0
3825,0,4.903968811035156,1
3825,1,5.263228416442871,0
3825,2,4.800458908081055,0
172,0,6.4757843017578125,1
172,2,7.210664749145508,0
172,1,7.452548980712891,0
2194,2,5.626036643981934,1
2194,0,5.120970249176025,0
2194,1,5.857928276062012,0
313,1,6.381467342376709,1
313,0,5.430930137634277,0
313,2,5.979353904724121,0
3403,2,4.9092793464660645,1
3403,1,5.221704959869385,0
3403,0,5.0049614906311035,0
3499,0,5.7190632820129395,1
3499,2,6.503314018249512,0
3499,1,6.7545084953308105,0
1142,0,5.331533908843994,1
1142,1,6.016664028167725,0
1142,2,5.62197208404541,0
41,0,6.331774711608887,1
41,1,6.915578842163086,0
41,2,6.489632606506348,0
2600,2,5.390329360961914,1
2600,1,5.82654333114624,0
2600,0,5.006695747375488,0
258,0,7.33917236328125,1
258,2,7.5581440925598145,0
258,1,8.20286750793457,0
1086,0,5.277163505554199,1
1086,1,6.610528469085693,0
1086,2,6.446882724761963,0
1003,0,5.230894088745117,1
1003,1,6.161681175231934,0
1003,2,5.837224006652832,0
4106,2,5.629467487335205,1
4106,1,5.841359615325928,0
4106,0,5.469857215881348,0
892,0,6.154345512390137,1
892,2,7.23643159866333,0
892,1,7.278378486633301,0
153,0,5.746193885803223,1
153,1,6.421525001525879,0
153,2,6.002504348754883,0
695,1,7.453646659851074,1
695,2,7.050411224365234,0
695,0,6.119280815124512,0
3406,1,6.16860294342041,1
3406,0,5.330799579620361,0
3406,2,5.914562225341797,0
2787,2,5.5492119789123535,1
2787,0,5.3760247230529785,0
2787,1,6.075189590454102,0
1869,2,5.51381778717041,1
1869,1,6.03696346282959,0
1869,0,5.371889591217041,0
1185,2,5.986170291900635,1
1185,1,6.217405319213867,0
1185,0,5.570583820343018,0
3221,1,5.3763556480407715,1
3221,2,5.316651821136475,0
3221,0,5.130617618560791,0
2014,1,6.32481050491333,1
2014,0,5.872842788696289,0
2014,2,6.069816589355469,0
2854,2,6.213720321655273,1
2854,1,6.769665718078613,0
2854,0,6.082820415496826,0
3005,1,5.6621575355529785,1
3005,2,5.277467250823975,0
3005,0,5.308359146118164,0
3903,2,5.130029201507568,1
3903,1,5.2056379318237305,0
3903,0,5.329010009765625,0
871,2,5.988651275634766,1
871,0,5.919565677642822,0
871,1,6.463109970092773,0
1021,0,5.500306129455566,1
1021,1,6.122979164123535,0
1021,2,5.739064693450928,0
2597,2,6.384953498840332,1
2597,0,6.586361885070801,0
2597,1,7.064985275268555,0
311,1,6.472153663635254,1
311,2,6.149489402770996,0
311,0,6.034584999084473,0
1034,2,5.187069416046143,1
1034,0,5.349750995635986,0
1034,1,5.476932048797607,0
43,0,6.079063892364502,1
43,1,6.826356887817383,0
43,2,6.588842391967773,0
3932,2,5.364376068115234,1
3932,1,5.417724132537842,0
3932,0,5.0288872718811035,0
739,0,5.813474655151367,1
739,1,6.604480266571045,0
739,2,6.45674991607666,0
1037,1,6.74692964553833,1
1037,0,5.703596115112305,0
1037,2,6.534963130950928,0
672,0,5.239023685455322,1
672,1,5.8827128410339355,0
672,2,5.483835220336914,0
3379,1,6.583393573760986,1
3379,2,6.139402389526367,0
3379,0,5.75302267074585,0
1228,2,5.544161319732666,1
1228,0,5.347660541534424,0
1228,1,5.846275329589844,0
2471,0,5.664737701416016,1
2471,1,6.330004692077637,0
2471,2,5.4686079025268555,0
622,0,6.412675380706787,1
622,2,6.784360408782959,0
622,1,7.143137454986572,0
4142,1,6.106557846069336,1
4142,0,5.633035659790039,0
4142,2,5.643060684204102,0
1506,1,6.172468185424805,1
1506,0,5.957226276397705,0
1506,2,5.92990779876709,0
362,1,5.214792251586914,1
362,2,5.321164131164551,0
362,0,4.2711896896362305,0
768,1,6.0340895652771,1
768,2,6.043997287750244,0
768,0,5.355095863342285,0
2293,1,6.248376846313477,1
2293,2,5.894603252410889,0
2293,0,5.821529865264893,0
457,1,6.695539951324463,1
457,2,6.4872145652771,0
457,0,6.297420501708984,0
455,0,5.790538311004639,1
455,1,6.477391719818115,0
455,2,6.138972759246826,0
1994,1,6.1365065574646,1
1994,0,5.657772064208984,0
1994,2,5.8833746910095215,0
3102,2,5.953909873962402,1
3102,1,6.436115741729736,0
3102,0,5.759338855743408,0
3486,2,5.149899482727051,1
3486,1,5.482583522796631,0
3486,0,5.052807807922363,0
1212,2,6.135909080505371,1
1212,1,6.537435054779053,0
1212,0,5.915528297424316,0
2039,0,5.775891304016113,1
2039,2,6.049751281738281,0
2039,1,6.3539719581604,0
2444,1,5.2674078941345215,1
2444,2,5.200924396514893,0
2444,0,4.397012233734131,0
137,0,5.655063152313232,1
137,1,6.449831962585449,0
137,2,6.3777031898498535,0
3719,2,5.313910007476807,1
3719,0,5.2613067626953125,0
3719,1,5.66998291015625,0
337,0,6.095617771148682,1
337,1,7.6743669509887695,0
337,2,7.5335822105407715,0
3958,1,6.826047420501709,1
3958,2,6.500737190246582,0
3958,0,5.61694860458374,0
4086,1,5.7257914543151855,1
4086,2,5.290587902069092,0
4086,0,4.891695022583008,0
3537,2,4.0993146896362305,1
3537,1,4.338354110717773,0
3537,0,3.88552188873291,0
90,0,6.283113479614258,1
90,1,7.247560501098633,0
90,2,7.07498836517334,0
2134,2,6.736262321472168,1
2134,1,7.503480434417725,0
2134,0,6.878626823425293,0
2432,1,6.6204376220703125,1
2432,0,5.9402899742126465,0
2432,2,6.530655860900879,0
391,1,6.453278064727783,1
391,2,6.298558235168457,0
391,0,5.738280773162842,0
1313,0,4.904029846191406,1
1313,1,5.995052337646484,0
1313,2,5.755278587341309,0
1341,0,4.6101837158203125,1
1341,2,4.990016937255859,0
1341,1,5.255496025085449,0
3177,0,5.478384017944336,1
3177,2,5.7192840576171875,0
3177,1,5.99777889251709,0
3299,2,6.432529926300049,1
3299,1,6.625479698181152,0
3299,0,5.381028175354004,0
1472,1,6.62231969833374,1
1472,2,6.475910186767578,0
1472,0,5.564695358276367,0
2114,1,7.577163219451904,1
2114,2,7.7084455490112305,0
2114,0,6.291919708251953,0
1871,2,6.423027038574219,1
1871,1,6.84182596206665,0
1871,0,6.000638961791992,0
1288,0,5.007898807525635,1
1288,1,6.136882781982422,0
1288,2,5.905625343322754,0
1861,2,7.592944145202637,1
1861,0,5.950946807861328,0
1861,1,7.001197814941406,0
689,0,6.450115203857422,1
689,2,6.140542030334473,0
689,1,6.609925746917725,0
961,0,5.266242504119873,1
961,2,6.196201324462891,0
961,1,6.304126739501953,0
36,1,6.383094310760498,1
36,0,5.379817008972168,0
36,2,6.259127616882324,0
290,1,6.083168029785156,1
290,0,5.575114727020264,0
290,2,5.76561975479126,0
1559,2,5.349085807800293,1
1559,0,5.0731682777404785,0
1559,1,5.807919979095459,0
3192,2,5.926444053649902,1
3192,1,6.375223159790039,0
3192,0,5.584264755249023,0
1198,0,5.562719821929932,1
1198,2,5.087541580200195,0
1198,1,5.469051837921143,0
2023,1,5.752567291259766,1
2023,2,5.558540344238281,0
2023,0,5.25615119934082,0
1725,1,5.888540267944336,1
1725,2,5.711431980133057,0
1725,0,5.450954437255859,0
1356,2,7.122627258300781,1
1356,1,7.198118209838867,0
1356,0,6.0992326736450195,0
3818,1,6.129090785980225,1
3818,2,5.77749490737915,0
3818,0,5.59641170501709,0
4148,2,5.479565143585205,1
4148,0,5.68152379989624,0
4148,1,6.119218826293945,0
4085,0,6.052572250366211,1
4085,2,6.415243625640869,0
4085,1,6.652743816375732,0
3250,1,6.112313747406006,1
3250,0,5.493165969848633,0
3250,2,6.008492469787598,0
714,0,5.886552333831787,1
714,2,6.165624618530273,0
714,1,6.558428764343262,0
2657,2,5.55928897857666,1
2657,1,6.008493423461914,0
2657,0,5.324155807495117,0
1534,1,6.511394023895264,1
1534,0,5.843513488769531,0
1534,2,6.117869853973389,0
1705,1,6.8124775886535645,1
1705,2,6.326253890991211,0
1705,0,6.229925632476807,0
3058,1,6.122742176055908,1
3058,2,5.883594989776611,0
3058,0,5.67703914642334,0
3426,2,5.855286121368408,1
3426,0,5.613840103149414,0
3426,1,6.34099006652832,0
2901,1,6.345831394195557,1
2901,0,5.887777328491211,0
2901,2,5.886363983154297,0
113,0,5.348139762878418,1
113,2,5.990471839904785,0
113,1,6.300873756408691,0
1675,2,5.621906280517578,1
1675,0,5.396280288696289,0
1675,1,5.961925983428955,0
3693,0,5.735217094421387,1
3693,1,6.8130059242248535,0
3693,2,6.457719326019287,0
3966,1,6.332961559295654,1
3966,2,5.996304512023926,0
3966,0,6.165740489959717,0
2152,1,7.310752868652344,1
2152,2,7.169318199157715,0
2152,0,6.150355339050293,0
2456,2,6.46298360824585,1
2456,1,6.80258846282959,0
2456,0,5.992274761199951,0
3452,0,6.404926776885986,1
3452,1,6.620534896850586,0
3452,2,6.151593208312988,0
159,0,5.942439556121826,1
159,1,6.823298454284668,0
159,2,6.709787845611572,0
3501,2,5.840484619140625,1
3501,0,5.113626003265381,0
3501,1,6.044726848602295,0
49,0,4.580189228057861,1
49,2,4.931939601898193,0
49,1,5.197339057922363,0
416,2,6.038627624511719,1
416,0,5.948451042175293,0
416,1,6.610311031341553,0
785,0,6.139319896697998,1
785,2,6.300668716430664,0
785,1,6.897240161895752,0
3103,2,6.116067409515381,1
3103,1,6.3548264503479,0
3103,0,5.6170735359191895,0
1531,0,5.019293785095215,1
1531,1,5.952676296234131,0
1531,2,5.504541397094727,0
3916,2,5.893008708953857,1
3916,0,6.110617637634277,0
3916,1,6.430811882019043,0
3267,2,7.171107292175293,1
3267,0,5.829105377197266,0
3267,1,7.437112808227539,0
1466,0,4.808962821960449,1
1466,1,5.5528483390808105,0
1466,2,5.490823745727539,0
3238,1,5.349668502807617,1
3238,2,5.073227882385254,0
3238,0,4.243819236755371,0
2082,0,5.43930196762085,1
2082,1,6.365091323852539,0
2082,2,6.1526570320129395,0
2048,1,6.575186729431152,1
2048,0,6.068007946014404,0
2048,2,6.166007041931152,0
3620,2,4.725161552429199,1
3620,0,4.439481735229492,0
3620,1,4.995987892150879,0
264,2,7.025937080383301,1
264,1,7.054235458374023,0
264,0,5.78835391998291,0
370,1,6.436641693115234,1
370,2,6.0086212158203125,0
370,0,5.71729850769043,0
2685,2,5.307372093200684,1
2685,0,4.7849040031433105,0
2685,1,5.571610927581787,0
477,0,4.933807373046875,1
477,2,6.12507438659668,0
477,1,6.065989971160889,0
1780,0,4.927734851837158,1
1780,2,5.2134904861450195,0
1780,1,5.4018330574035645,0
1719,0,5.985808372497559,1
1719,2,6.497044563293457,0
1719,1,6.81575345993042,0
4096,2,5.725331783294678,1
4096,0,5.2710490226745605,0
4096,1,6.073213577270508,0
4005,0,5.192772388458252,1
4005,2,5.6797990798950195,0
4005,1,6.108644962310791,0
540,1,5.558023452758789,1
540,2,5.341781139373779,0
540,0,5.059292316436768,0
949,1,5.809669494628906,1
949,0,4.728917121887207,0
949,2,5.564781665802002,0
2986,1,7.098086357116699,1
2986,0,6.026825904846191,0
2986,2,6.701710224151611,0
427,0,5.401177406311035,1
427,2,5.964033603668213,0
427,1,6.140640735626221,0
1384,1,6.608361721038818,1
1384,0,5.642029762268066,0
1384,2,6.131747722625732,0
628,1,5.7017388343811035,1
628,0,5.334403991699219,0
628,2,5.635144233703613,0
2316,2,5.520352840423584,1
2316,1,5.92818021774292,0
2316,0,5.019923210144043,0
2263,1,6.612630844116211,1
2263,2,6.180781364440918,0
2263,0,5.776782989501953,0
3257,2,5.336244583129883,1
3257,1,5.6537628173828125,0
3257,0,4.681620121002197,0
2305,0,5.5282511711120605,1
2305,1,6.0378828048706055,0
2305,2,5.777772903442383,0
1976,1,6.190184593200684,1
1976,2,5.914192199707031,0
1976,0,5.341608047485352,0
2342,2,6.055333614349365,1
2342,1,6.312589168548584,0
2342,0,5.49711275100708,0
3614,2,5.457433223724365,1
3614,1,5.8140549659729,0
3614,0,5.0004658699035645,0
2426,2,6.053357124328613,1
2426,1,6.278967380523682,0
2426,0,5.811108589172363,0
2459,2,5.777505874633789,1
2459,0,5.930330753326416,0
2459,1,5.9948296546936035,0
3436,2,4.878154754638672,1
3436,1,4.969819068908691,0
3436,0,4.4088544845581055,0
3528,0,4.807161331176758,1
3528,2,5.0439043045043945,0
3528,1,5.102888584136963,0
3884,1,6.297676086425781,1
3884,2,5.850034713745117,0
3884,0,5.488711357116699,0
2723,0,5.484425067901611,1
2723,1,6.207187652587891,0
2723,2,5.760270118713379,0
110,0,6.152112007141113,1
110,2,7.140181541442871,0
110,1,7.2569098472595215,0
188,2,5.722650051116943,1
188,1,6.03205680847168,0
188,0,5.2977399826049805,0
1168,1,6.417998313903809,1
1168,2,5.86885929107666,0
1168,0,5.598504066467285,0
764,0,4.847209453582764,1
764,1,5.979866027832031,0
764,2,5.546938419342041,0
681,0,5.617926597595215,1
681,2,6.223494529724121,0
681,1,6.469893932342529,0
1685,2,6.130505084991455,1
1685,1,6.130153179168701,0
1685,0,5.120379447937012,0
1225,1,6.634775161743164,1
1225,2,6.780691146850586,0
1225,0,5.8242926597595215,0
1848,2,6.6475019454956055,1
1848,0,6.12731409072876,0
1848,1,6.844828128814697,0
3419,2,5.630095481872559,1
3419,1,6.016273021697998,0
3419,0,5.397138595581055,0
3157,2,4.770186424255371,1
3157,0,4.283631324768066,0
3157,1,5.024098873138428,0
1079,1,7.261244773864746,1
1079,0,6.7897210121154785,0
1079,2,6.757752418518066,0
585,0,5.04733943939209,1
585,1,6.078175067901611,0
585,2,5.721016883850098,0
2059,2,6.746523857116699,1
2059,1,6.744025230407715,0
2059,0,6.259440898895264,0
1213,2,5.330057621002197,1
1213,0,5.149718761444092,0
1213,1,5.720443248748779,0
2932,1,5.635796070098877,1
2932,2,5.548210144042969,0
2932,0,5.389484405517578,0
381,0,5.602138996124268,1
381,1,6.537132740020752,0
381,2,5.965832710266113,0
3089,1,6.357475280761719,1
3089,2,5.957860946655273,0
3089,0,5.736831188201904,0
777,1,6.570023536682129,1
777,2,6.24705696105957,0
777,0,5.822378158569336,0
1473,2,6.083052635192871,1
1473,1,6.312697410583496,0
1473,0,5.836005687713623,0
3888,1,6.025390625,1
3888,2,5.815195083618164,0
3888,0,5.4922332763671875,0
1152,2,6.888760089874268,1
1152,1,6.385218620300293,0
1152,0,5.431597709655762,0
903,2,6.788807392120361,1
903,1,7.043856143951416,0
903,0,6.474188804626465,0
4064,2,6.363452911376953,1
4064,1,6.367232799530029,0
4064,0,5.714280128479004,0
3516,2,6.0512776374816895,1
3516,0,5.706396102905273,0
3516,1,6.2127580642700195,0
1017,0,5.459482192993164,1
1017,1,6.197385311126709,0
1017,2,5.78563117980957,0
1115,1,6.271003723144531,1
1115,2,5.755936622619629,0
1115,0,5.488173961639404,0
3160,1,6.26271915435791,1
3160,0,4.901406764984131,0
3160,2,6.273108959197998,0
1036,0,6.485673904418945,1
1036,1,7.583479404449463,0
1036,2,7.299284934997559,0
2650,0,5.786362648010254,1
2650,2,5.874319076538086,0
2650,1,6.356346130371094,0
1900,1,5.739953994750977,1
1900,0,5.133260250091553,0
1900,2,5.599644184112549,0
617,0,5.073391437530518,1
617,1,5.794594764709473,0
617,2,5.392037391662598,0
820,1,6.184222221374512,1
820,0,6.012836933135986,0
820,2,5.6024274826049805,0
205,1,7.311103820800781,1
205,2,7.5842742919921875,0
205,0,5.880892276763916,0
821,2,7.483667850494385,1
821,1,7.2559356689453125,0
821,0,5.667212963104248,0
738,0,5.816757678985596,1
738,2,6.301427841186523,0
738,1,6.549083232879639,0
1920,0,5.929646968841553,1
1920,2,6.44355583190918,0
1920,1,6.579627990722656,0
984,1,6.104983329772949,1
984,0,5.2240729331970215,0
984,2,5.627490520477295,0
1426,2,6.706963539123535,1
1426,1,6.809866428375244,0
1426,0,6.44205904006958,0
2102,1,6.471615791320801,1
2102,2,6.316716194152832,0
2102,0,5.42410945892334,0
2845,0,4.983267784118652,1
2845,2,5.373772621154785,0
2845,1,5.605147838592529,0
3109,1,7.0568060874938965,1
3109,2,6.309665679931641,0
3109,0,6.704825401306152,0
2637,2,5.334329128265381,1
2637,0,5.217925071716309,0
2637,1,5.4693098068237305,0
2808,1,6.362924575805664,1
2808,2,5.980988502502441,0
2808,0,5.419652938842773,0
4002,2,4.770763397216797,1
4002,0,4.351461410522461,0
4002,1,5.17581844329834,0
495,0,5.151507377624512,1
495,2,5.514705657958984,0
495,1,5.7112016677856445,0
3792,1,6.075524806976318,1
3792,0,5.622796535491943,0
3792,2,6.134042263031006,0
696,0,6.6270365715026855,1
696,1,7.905215740203857,0
696,2,8.02263069152832,0
1187,1,6.937074184417725,1
1187,0,6.289023399353027,0
1187,2,6.450082302093506,0
3064,1,6.3720808029174805,1
3064,0,5.182432651519775,0
3064,2,6.140923976898193,0
1382,1,5.7345781326293945,1
1382,2,5.718554973602295,0
1382,0,5.0889081954956055,0
1434,1,7.219290733337402,1
1434,2,7.066488265991211,0
1434,0,6.497428894042969,0
1969,1,5.7799201011657715,1
1969,0,5.4198503494262695,0
1969,2,5.571415901184082,0
3353,2,6.950272560119629,1
3353,0,6.626897811889648,0
3353,1,7.401269912719727,0
572,2,6.471673488616943,1
572,1,6.844936370849609,0
572,0,5.804330825805664,0
546,0,4.951473236083984,1
546,1,5.702417850494385,0
546,2,5.370745658874512,0
3070,1,6.515096187591553,1
3070,0,5.407459259033203,0
3070,2,6.441692352294922,0
22,0,6.866870880126953,1
22,1,8.249363899230957,0
22,2,8.234846115112305,0
3976,2,5.199570655822754,1
3976,0,4.730900287628174,0
3976,1,5.30748987197876,0
3747,1,6.651823997497559,1
3747,0,6.065454959869385,0
3747,2,5.950934410095215,0
3397,2,5.999950885772705,1
3397,1,6.119624614715576,0
3397,0,5.498235702514648,0
95,0,5.429681777954102,1
95,2,6.010969638824463,0
95,1,6.148995876312256,0
3420,2,5.028850555419922,1
3420,1,5.233057022094727,0
3420,0,4.462464332580566,0
1657,1,6.694374084472656,1
1657,0,5.672987461090088,0
1657,2,6.566773891448975,0
3146,1,6.021215915679932,1
3146,0,5.217497825622559,0
3146,2,5.574283123016357,0
915,2,6.009189605712891,1
915,0,5.537156105041504,0
915,1,6.503636360168457,0
552,2,6.511173725128174,1
552,0,5.568329334259033,0
552,1,6.576101303100586,0
3736,2,5.746088027954102,1
3736,1,6.1309919357299805,0
3736,0,4.935940742492676,0
3756,2,5.451912879943848,1
3756,1,5.720268249511719,0
3756,0,5.003521919250488,0
2814,1,6.405160427093506,1
2814,2,6.01400899887085,0
2814,0,5.887922286987305,0
3665,0,5.467203140258789,1
3665,1,6.112732887268066,0
3665,2,5.639986038208008,0
3563,1,6.106324672698975,1
3563,0,5.638820171356201,0
3563,2,5.955909252166748,0
211,0,5.088452339172363,1
211,1,6.0863189697265625,0
211,2,5.855830669403076,0
2757,2,5.390328884124756,1
2757,0,5.066320896148682,0
2757,1,5.887436866760254,0
4159,0,5.5131731033325195,1
4159,2,5.6096110343933105,0
4159,1,5.964693069458008,0
1694,1,6.16556453704834,1
1694,0,5.120615482330322,0
1694,2,5.844839096069336,0
3293,0,4.731919288635254,1
3293,2,5.654399871826172,0
3293,1,5.802438259124756,0
1781,1,6.198324203491211,1
1781,2,6.009115219116211,0
1781,0,5.7389631271362305,0
417,1,7.291199684143066,1
417,0,6.282017230987549,0
417,2,7.139778137207031,0
1847,0,5.016496658325195,1
1847,2,5.380057334899902,0
1847,1,5.86314058303833,0
2332,2,6.1617584228515625,1
2332,0,5.705461502075195,0
2332,1,6.375947952270508,0
1155,0,5.633258819580078,1
1155,2,7.04776668548584,0
1155,1,6.776345252990723,0
6,1,6.766515731811523,1
6,0,6.025849342346191,0
6,2,6.363586902618408,0
1893,1,6.857241153717041,1
1893,2,6.642065048217773,0
1893,0,5.933617115020752,0
1738,0,5.231222152709961,1
1738,1,5.969121932983398,0
1738,2,5.607687950134277,0
1949,1,5.881439685821533,1
1949,0,4.928399562835693,0
1949,2,5.6430535316467285,0
670,1,6.621201515197754,1
670,0,5.891687393188477,0
670,2,6.400172710418701,0
3992,2,5.627384185791016,1
3992,0,5.432439804077148,0
3992,1,5.9584527015686035,0
3080,2,6.018397331237793,1
3080,0,6.2366509437561035,0
3080,1,6.4348063468933105,0
713,0,5.825685977935791,1
713,1,6.522193908691406,0
713,2,6.145002365112305,0
4022,1,5.728227615356445,1
4022,2,5.437904357910156,0
4022,0,5.0724897384643555,0
3531,2,5.999343395233154,1
3531,0,5.671192169189453,0
3531,1,6.326899528503418,0
855,0,5.979825973510742,1
855,2,6.747749328613281,0
855,1,7.031614303588867,0
2427,2,5.490394592285156,1
2427,1,5.730129718780518,0
2427,0,4.960636138916016,0
613,0,5.176980972290039,1
613,1,5.97830057144165,0
613,2,5.548777103424072,0
1689,2,6.759396553039551,1
1689,0,6.238414764404297,0
1689,1,7.189699649810791,0
404,0,5.890931129455566,1
404,1,6.903962135314941,0
404,2,6.8058552742004395,0
3659,2,5.280454158782959,1
3659,1,5.659838676452637,0
3659,0,5.256563186645508,0
2966,2,5.423823833465576,1
2966,0,4.783653736114502,0
2966,1,5.562444686889648,0
4157,1,6.609266757965088,1
4157,2,5.920350074768066,0
4157,0,6.008007526397705,0
3356,2,6.3849639892578125,1
3356,0,6.46113395690918,0
3356,1,6.818107604980469,0
2126,0,5.764451026916504,1
2126,1,7.12324857711792,0
2126,2,6.775354862213135,0
472,2,6.082648754119873,1
472,1,6.209317207336426,0
472,0,5.345183849334717,0
3029,1,6.497823715209961,1
3029,0,6.0756940841674805,0
3029,2,6.140925407409668,0
637,2,5.939367294311523,1
637,0,5.788518905639648,0
637,1,6.278510093688965,0
1241,0,5.951599597930908,1
1241,1,6.894165992736816,0
1241,2,6.633980751037598,0
3335,0,5.350088119506836,1
3335,1,6.441906929016113,0
3335,2,6.145808219909668,0
3104,1,5.836683750152588,1
3104,0,4.819170951843262,0
3104,2,5.704751968383789,0
1205,2,5.891097068786621,1
1205,0,5.114285469055176,0
1205,1,5.980351448059082,0
2206,0,5.144447326660156,1
2206,2,5.765620231628418,0
2206,1,5.786419868469238,0
1849,2,5.924931526184082,1
1849,1,6.377866268157959,0
1849,0,5.471776008605957,0
3055,1,5.380338191986084,1
3055,2,5.045570373535156,0
3055,0,5.1302289962768555,0
1629,2,5.958000183105469,1
1629,0,5.338519096374512,0
1629,1,6.1789398193359375,0
3849,2,5.450930118560791,1
3849,1,5.927757740020752,0
3849,0,5.272800445556641,0
3666,0,4.762704849243164,1
3666,2,4.887022018432617,0
3666,1,5.246678829193115,0
3334,0,5.660541534423828,1
3334,2,5.812776565551758,0
3334,1,6.3011674880981445,0
3802,0,5.625100612640381,1
3802,1,6.078425884246826,0
3802,2,5.807181358337402,0
3668,1,7.486974239349365,1
3668,0,6.668615341186523,0
3668,2,7.455208778381348,0
1791,1,6.0345330238342285,1
1791,0,5.130649089813232,0
1791,2,5.832195281982422,0
2028,1,6.964632034301758,1
2028,0,6.5686354637146,0
2028,2,6.493514060974121,0
2509,2,5.89394998550415,1
2509,0,5.760519504547119,0
2509,1,6.43828821182251,0
2857,0,5.445834636688232,1
2857,1,6.105057239532471,0
2857,2,5.89320182800293,0
3202,2,5.5477118492126465,1
3202,1,5.839383125305176,0
3202,0,4.983272552490234,0
4140,1,6.205484867095947,1
4140,2,5.840696811676025,0
4140,0,5.791723728179932,0
3427,1,5.711502552032471,1
3427,2,5.554393768310547,0
3427,0,5.078115463256836,0
259,0,5.214718818664551,1
259,1,6.394021034240723,0
259,2,6.42947244644165,0
3681,1,6.232223033905029,1
3681,0,5.130237579345703,0
3681,2,5.581794261932373,0
1110,0,5.729161262512207,1
1110,2,5.854940891265869,0
1110,1,5.989156246185303,0
1908,1,8.5120267868042,1
1908,0,7.0411577224731445,0
1908,2,8.197555541992188,0
1160,1,5.957727909088135,1
1160,0,5.114915370941162,0
1160,2,5.746078968048096,0
2378,2,6.06374454498291,1
2378,1,6.745513439178467,0
2378,0,5.975620269775391,0
46,0,7.097267150878906,1
46,1,8.196423530578613,0
46,2,8.465312957763672,0
2828,2,5.568118095397949,1
2828,1,5.939545154571533,0
2828,0,5.168348789215088,0
1054,1,5.3727827072143555,1
1054,2,5.147343158721924,0
1054,0,4.621763229370117,0
2940,2,6.279043674468994,1
2940,0,5.809387683868408,0
2940,1,6.392857551574707,0
2725,1,5.761449813842773,1
2725,2,5.630928993225098,0
2725,0,5.140527725219727,0
1618,2,5.8843512535095215,1
1618,1,6.263782978057861,0
1618,0,5.553255081176758,0
4121,2,5.394198417663574,1
4121,1,5.636916637420654,0
4121,0,5.034683704376221,0
2886,2,5.437624931335449,1
2886,1,5.8606343269348145,0
2886,0,5.276734828948975,0
1348,2,5.420456409454346,1
1348,0,4.8411641120910645,0
1348,1,5.585508346557617,0
1179,0,5.8106560707092285,1
1179,1,6.4778923988342285,0
1179,2,6.101687431335449,0
2800,1,5.814288139343262,1
2800,2,5.7471604347229,0
2800,0,4.9354047775268555,0
2818,1,5.966137886047363,1
2818,0,5.194669246673584,0
2818,2,5.88615608215332,0
596,1,5.584306240081787,1
596,2,5.411933898925781,0
596,0,4.9141716957092285,0
2521,1,5.531091690063477,1
2521,0,4.760834693908691,0
2521,2,5.388031005859375,0
1080,2,6.724798202514648,1
1080,0,5.89691686630249,0
1080,1,6.954708099365234,0
982,1,7.6098785400390625,1
982,0,6.595059871673584,0
982,2,7.031073570251465,0
3019,2,6.286739826202393,1
3019,1,6.295841693878174,0
3019,0,5.6784348487854,0
3641,1,6.270384788513184,1
3641,2,5.823946952819824,0
3641,0,5.726290225982666,0
955,0,5.576414108276367,1
955,2,5.608813285827637,0
955,1,6.000310897827148,0
551,0,7.082397937774658,1
551,2,7.640823841094971,0
551,1,7.857292652130127,0
1088,2,6.24752140045166,1
1088,1,6.689823150634766,0
1088,0,5.793942928314209,0
20,0,5.789369583129883,1
20,2,6.277553081512451,0
20,1,6.678954124450684,0
1169,1,6.55902099609375,1
1169,2,6.218365669250488,0
1169,0,6.194838047027588,0
3557,2,6.189365863800049,1
3557,0,6.050776481628418,0
3557,1,6.228496551513672,0
2046,0,4.685385704040527,1
2046,2,5.273747444152832,0
2046,1,5.591550350189209,0
3478,0,4.949206829071045,1
3478,1,5.449385643005371,0
3478,2,5.060731887817383,0
4151,2,6.001731872558594,1
4151,1,6.456684112548828,0
4151,0,5.529019355773926,0
1546,0,4.930185794830322,1
1546,1,5.3294572830200195,0
1546,2,5.068180084228516,0
2867,2,6.360463619232178,1
2867,0,5.856775283813477,0
2867,1,6.534486293792725,0
3611,2,5.384191513061523,1
3611,1,5.778813362121582,0
3611,0,5.0055317878723145,0
2240,1,6.293300151824951,1
2240,0,5.589080810546875,0
2240,2,5.888113021850586,0
3803,1,5.7062225341796875,1
3803,0,5.010595321655273,0
3803,2,5.1790571212768555,0
1670,0,5.208023548126221,1
1670,2,5.519536972045898,0
1670,1,6.206789970397949,0
3766,1,6.015953063964844,1
3766,2,5.7004852294921875,0
3766,0,5.538744926452637,0
2689,2,5.402286529541016,1
2689,0,5.358490943908691,0
2689,1,5.836648941040039,0
1302,1,6.678788185119629,1
1302,2,6.71697998046875,0
1302,0,6.042859077453613,0
3511,1,5.761959552764893,1
3511,2,5.588726043701172,0
3511,0,5.222849369049072,0
3907,2,4.456647872924805,1
3907,1,4.7185163497924805,0
3907,0,4.450830459594727,0
1425,0,5.99833869934082,1
1425,2,6.759505271911621,0
1425,1,6.858205318450928,0
50,0,5.938587188720703,1
50,2,6.122783660888672,0
50,1,6.274750709533691,0
2095,2,4.963822841644287,1
2095,1,5.288415431976318,0
2095,0,4.66961145401001,0
615,2,6.673169136047363,1
615,1,7.192868232727051,0
615,0,6.718209743499756,0
985,1,5.751638889312744,1
985,2,5.519509792327881,0
985,0,4.985853672027588,0
1673,1,6.122433662414551,1
1673,0,5.2035956382751465,0
1673,2,6.044508457183838,0
1802,0,6.30441427230835,1
1802,2,6.543385028839111,0
1802,1,6.835031986236572,0
607,2,5.129777908325195,1
607,1,5.453741550445557,0
607,0,5.081948280334473,0
2331,2,5.529196739196777,1
2331,1,5.6531982421875,0
2331,0,5.32432746887207,0
59,0,6.365889549255371,1
59,1,7.337345123291016,0
59,2,7.544206619262695,0
2308,2,5.335862159729004,1
2308,0,4.606423377990723,0
2308,1,5.259311199188232,0
2514,1,6.421226978302002,1
2514,2,5.853178024291992,0
2514,0,6.220706462860107,0
1977,0,5.878347396850586,1
1977,1,6.570793151855469,0
1977,2,6.565787315368652,0
1562,2,6.807864665985107,1
1562,1,7.324627876281738,0
1562,0,6.876986980438232,0
